date,bayview,castro,chinatown,excelsior,fidi,mission,pac,soma,tenderloin,western_addition
2-Mar-13,26,5,7,16,9,31,2,37,48,13
3-Mar-13,14,11,12,10,6,32,12,45,40,5
4-Mar-13,31,4,2,11,19,20,12,39,69,10
5-Mar-13,45,7,13,7,1,34,7,55,70,9
6-Mar-13,18,2,4,10,11,40,8,27,48,8
7-Mar-13,12,6,4,8,19,33,6,40,50,10
8-Mar-13,16,6,3,6,10,14,9,46,59,22
9-Mar-13,16,2,18,6,17,40,3,48,56,15
10-Mar-13,17,2,2,7,19,50,4,46,38,16
11-Mar-13,17,9,3,3,12,27,0,27,62,27
12-Mar-13,22,10,6,13,17,20,5,41,48,9
13-Mar-13,12,6,2,15,14,37,2,33,34,13
14-Mar-13,16,5,5,17,11,35,4,34,61,13
15-Mar-13,16,10,7,2,23,41,8,40,47,23
16-Mar-13,4,18,4,9,16,33,6,26,60,20
17-Mar-13,30,13,10,9,11,30,11,47,55,13
18-Mar-13,25,2,14,8,17,14,3,34,49,13
19-Mar-13,16,2,4,15,17,35,9,34,81,28
20-Mar-13,16,15,2,12,28,19,5,39,48,14
21-Mar-13,24,6,16,2,20,40,1,37,56,15
22-Mar-13,16,10,5,13,35,33,3,49,47,9
23-Mar-13,14,7,10,6,14,34,13,41,41,7
24-Mar-13,12,5,13,2,4,63,5,41,33,4
25-Mar-13,21,2,0,9,14,34,0,24,64,12
26-Mar-13,16,9,12,19,17,43,3,30,33,21
27-Mar-13,14,8,6,8,23,64,9,32,37,13
28-Mar-13,24,2,1,4,33,55,6,25,65,15
29-Mar-13,15,11,7,3,21,34,8,28,66,11
30-Mar-13,12,15,6,16,11,28,3,31,53,4
31-Mar-13,21,7,7,6,12,35,0,23,61,5
1-Apr-13,25,8,3,11,17,46,0,25,69,21
2-Apr-13,23,11,5,15,16,15,12,53,45,12
3-Apr-13,4,22,6,7,24,38,2,49,42,8
4-Apr-13,7,21,9,10,25,40,0,42,41,11
5-Apr-13,20,11,16,11,52,32,0,45,49,4
6-Apr-13,5,25,13,9,19,58,0,49,54,2
7-Apr-13,23,9,17,5,16,37,4,30,61,2
8-Apr-13,17,12,5,9,19,56,12,39,73,9
9-Apr-13,18,9,15,15,25,34,8,33,46,14
10-Apr-13,25,6,9,8,12,53,0,28,62,8
11-Apr-13,20,13,5,2,23,27,5,63,35,6
12-Apr-13,24,17,3,6,8,55,12,30,65,20
13-Apr-13,15,8,8,12,14,43,18,44,44,17
14-Apr-13,30,4,0,19,16,32,9,38,40,13
15-Apr-13,17,14,7,8,12,35,13,40,52,11
16-Apr-13,13,7,2,5,18,31,3,42,46,24
17-Apr-13,14,15,3,4,14,41,10,39,99,4
18-Apr-13,9,4,3,7,20,29,7,35,37,7
19-Apr-13,23,15,2,0,23,45,10,38,66,13
20-Apr-13,23,10,12,13,21,43,7,48,53,9
21-Apr-13,15,8,3,0,24,17,12,27,40,9
22-Apr-13,18,14,8,11,46,24,5,50,71,17
23-Apr-13,13,10,2,10,20,23,15,65,52,10
24-Apr-13,32,4,2,13,31,36,0,35,54,10
25-Apr-13,13,2,8,11,12,20,6,36,36,9
26-Apr-13,10,11,4,1,21,20,2,44,16,17
27-Apr-13,8,6,6,12,19,54,2,33,53,11
28-Apr-13,17,10,7,5,17,36,14,34,77,19
29-Apr-13,23,10,4,9,30,16,8,39,53,18
30-Apr-13,16,6,8,6,18,21,6,31,44,9
1-May-13,19,23,11,8,28,27,15,58,45,5
2-May-13,35,9,2,13,21,55,3,65,99,13
3-May-13,5,19,5,9,18,46,6,47,77,15
4-May-13,25,16,5,11,16,34,2,53,85,14
5-May-13,31,9,0,0,12,35,12,28,70,11
6-May-13,31,16,7,13,28,53,6,46,63,19
7-May-13,19,12,3,3,23,54,4,29,76,7
8-May-13,17,11,9,3,16,32,4,31,53,12
9-May-13,10,3,1,9,25,34,2,39,31,14
10-May-13,19,7,4,4,15,32,2,45,67,12
11-May-13,30,14,5,2,28,47,0,37,73,20
12-May-13,10,5,2,5,26,25,3,18,56,6
13-May-13,34,11,5,7,6,38,8,54,71,7
14-May-13,19,7,4,1,20,52,0,36,84,13
15-May-13,20,7,7,15,8,46,5,32,58,15
16-May-13,40,7,12,9,21,35,9,21,58,29
17-May-13,24,5,5,7,29,35,5,36,40,24
18-May-13,36,15,6,5,9,55,3,51,81,16
19-May-13,35,4,14,8,19,35,0,59,85,16
20-May-13,18,3,5,6,16,39,1,30,94,20
21-May-13,20,10,0,8,9,50,6,45,58,22
22-May-13,20,13,13,15,18,50,9,42,53,9
23-May-13,21,6,8,9,16,47,1,38,39,11
24-May-13,27,15,6,15,21,24,13,37,53,12
25-May-13,24,6,10,6,9,19,8,47,40,5
26-May-13,12,6,4,8,15,49,3,49,64,6
27-May-13,16,18,8,3,12,41,8,29,47,6
28-May-13,5,5,13,2,22,34,3,31,69,17
29-May-13,18,11,7,7,17,30,3,37,54,6
30-May-13,4,4,8,0,26,49,3,30,46,6
31-May-13,18,0,6,13,24,32,2,48,87,15
1-Jun-13,18,5,6,8,19,72,0,24,55,7
2-Jun-13,14,9,8,8,17,26,5,50,54,18
3-Jun-13,18,2,4,9,19,38,7,44,67,11
4-Jun-13,20,4,4,17,7,27,0,26,81,20
5-Jun-13,21,10,6,2,12,43,5,33,58,14
6-Jun-13,10,11,2,2,19,59,1,45,67,18
7-Jun-13,19,10,3,2,29,47,7,63,64,18
8-Jun-13,12,19,5,17,28,33,0,33,68,17
9-Jun-13,14,5,2,6,17,29,5,48,53,20
10-Jun-13,14,6,11,16,14,38,7,42,58,13
11-Jun-13,24,2,6,0,38,33,5,55,47,15
12-Jun-13,18,10,2,5,22,44,7,61,58,12
13-Jun-13,25,11,3,6,9,34,2,19,67,9
14-Jun-13,25,8,13,6,25,45,6,29,66,11
15-Jun-13,12,6,9,0,7,38,12,35,48,20
16-Jun-13,17,24,2,11,33,48,5,24,36,8
17-Jun-13,28,7,2,7,12,45,2,29,41,19
18-Jun-13,16,19,4,12,22,39,3,39,40,15
19-Jun-13,20,4,0,17,10,26,5,33,52,8
20-Jun-13,20,8,9,2,9,52,6,59,43,8
21-Jun-13,18,7,11,13,34,31,2,45,52,5
22-Jun-13,21,12,8,8,25,48,1,26,49,19
23-Jun-13,14,6,2,7,17,57,5,23,69,13
24-Jun-13,19,5,5,7,13,20,6,19,91,9
25-Jun-13,27,7,0,12,21,31,2,24,58,13
26-Jun-13,29,2,6,11,22,43,1,54,40,17
27-Jun-13,35,12,2,5,16,32,12,62,54,12
28-Jun-13,14,13,4,11,25,35,3,50,61,10
29-Jun-13,18,41,0,11,21,70,5,53,66,22
30-Jun-13,18,58,5,8,76,56,10,34,78,13
1-Jul-13,20,11,0,10,16,42,13,53,46,6
2-Jul-13,10,0,4,7,32,47,8,46,71,25
3-Jul-13,17,4,8,2,17,31,8,50,58,14
4-Jul-13,13,10,5,14,31,31,9,24,65,8
5-Jul-13,25,2,9,10,15,65,6,36,58,24
6-Jul-13,9,7,2,7,17,38,3,48,58,15
7-Jul-13,14,19,2,15,16,36,5,23,33,6
8-Jul-13,29,10,14,8,15,44,0,34,29,17
9-Jul-13,15,8,3,10,5,30,4,47,67,9
10-Jul-13,20,6,4,3,27,27,2,32,33,12
11-Jul-13,21,16,2,15,11,42,5,52,33,19
12-Jul-13,14,9,4,5,17,43,2,36,58,14
13-Jul-13,31,8,0,17,15,58,10,42,62,12
14-Jul-13,7,0,2,7,26,26,9,27,53,13
15-Jul-13,8,4,11,5,26,26,5,36,51,8
16-Jul-13,28,13,0,9,21,46,5,31,47,8
17-Jul-13,22,7,5,9,17,46,5,27,92,11
18-Jul-13,16,18,2,4,20,25,3,29,62,9
19-Jul-13,8,10,1,9,43,39,6,48,51,11
20-Jul-13,7,7,19,5,5,28,0,34,65,13
21-Jul-13,13,1,8,18,13,45,0,18,50,19
22-Jul-13,16,8,4,11,23,39,0,41,37,16
23-Jul-13,18,12,2,2,23,43,0,32,65,12
24-Jul-13,29,0,8,16,13,37,6,52,34,26
25-Jul-13,25,8,2,4,12,37,3,50,51,8
26-Jul-13,22,15,3,7,21,29,6,46,52,12
27-Jul-13,11,13,2,1,12,33,4,40,39,8
28-Jul-13,16,9,4,9,6,43,3,63,77,8
29-Jul-13,9,4,2,2,17,45,2,32,55,27
30-Jul-13,17,5,2,6,14,30,0,31,42,8
31-Jul-13,8,9,7,6,12,32,0,38,63,4
1-Aug-13,15,10,2,7,19,20,3,48,52,14
2-Aug-13,10,18,9,8,39,37,5,59,70,12
3-Aug-13,36,10,6,5,27,44,3,50,91,11
4-Aug-13,12,8,4,3,30,47,10,43,31,7
5-Aug-13,12,10,7,8,38,75,0,32,64,11
6-Aug-13,18,9,0,6,24,51,3,25,72,17
7-Aug-13,17,2,8,5,25,35,8,29,58,15
8-Aug-13,24,12,16,11,10,24,0,36,57,8
9-Aug-13,33,2,2,5,15,68,6,29,56,15
10-Aug-13,13,15,11,6,9,43,0,51,63,10
11-Aug-13,21,2,11,7,19,28,7,36,57,12
12-Aug-13,29,8,5,6,15,53,3,24,50,15
13-Aug-13,21,9,8,2,26,27,3,38,63,17
14-Aug-13,14,7,11,6,3,29,2,33,69,15
15-Aug-13,17,13,4,5,28,36,2,29,67,12
16-Aug-13,20,6,0,4,22,40,11,42,69,15
17-Aug-13,35,11,12,5,24,63,3,35,51,32
18-Aug-13,17,10,2,21,19,40,6,35,30,11
19-Aug-13,15,9,8,11,20,64,12,30,71,11
20-Aug-13,18,11,0,23,13,46,4,26,72,15
21-Aug-13,17,4,4,7,8,39,0,32,57,23
22-Aug-13,15,10,2,5,14,44,18,47,52,17
23-Aug-13,9,9,6,11,24,60,3,35,55,13
24-Aug-13,29,6,3,7,20,26,2,23,44,5
25-Aug-13,27,23,8,3,8,37,3,33,39,9
26-Aug-13,18,11,3,11,17,43,2,12,62,23
27-Aug-13,17,5,8,4,14,25,10,30,64,13
28-Aug-13,14,14,3,5,10,37,1,38,71,7
29-Aug-13,13,9,2,12,12,43,3,44,64,16
30-Aug-13,23,11,6,11,4,28,0,45,75,14
31-Aug-13,24,5,15,4,13,21,0,30,66,22
1-Sep-13,17,7,6,12,14,35,2,42,66,24
2-Sep-13,22,6,8,12,18,47,3,33,49,6
3-Sep-13,26,8,11,6,15,27,6,29,50,17
4-Sep-13,23,13,12,9,14,40,11,31,76,5
5-Sep-13,21,13,19,9,24,32,2,31,63,14
6-Sep-13,16,11,16,11,43,27,10,38,51,11
7-Sep-13,15,5,2,0,18,41,6,58,60,24
8-Sep-13,23,17,4,10,19,52,3,41,55,18
9-Sep-13,32,8,2,15,17,21,3,31,45,13
10-Sep-13,4,4,0,7,8,44,3,36,55,7
11-Sep-13,14,7,12,3,25,31,6,44,74,12
12-Sep-13,11,7,4,9,23,49,4,25,67,17
13-Sep-13,16,6,4,3,24,36,7,39,48,11
14-Sep-13,23,6,7,7,15,53,2,23,61,8
15-Sep-13,18,8,4,10,23,42,0,52,59,14
16-Sep-13,33,0,2,10,17,21,3,33,71,14
17-Sep-13,26,9,2,13,6,44,0,21,47,11
18-Sep-13,19,12,2,8,29,28,2,41,88,9
19-Sep-13,11,8,8,6,34,40,12,29,56,11
20-Sep-13,22,7,4,9,31,33,3,22,53,27
21-Sep-13,18,0,12,15,17,44,7,38,65,6
22-Sep-13,15,11,15,15,18,28,7,27,49,6
23-Sep-13,27,1,9,2,18,47,7,30,72,10
24-Sep-13,15,6,2,6,21,25,11,68,73,14
25-Sep-13,23,8,7,1,18,41,9,46,70,12
26-Sep-13,10,7,9,3,14,29,2,28,59,7
27-Sep-13,30,13,14,3,14,45,19,44,55,11
28-Sep-13,14,23,7,2,27,47,8,63,69,17
29-Sep-13,20,4,4,10,19,39,5,44,47,19
30-Sep-13,16,0,9,9,7,19,3,45,60,9
1-Oct-13,18,2,1,4,16,49,2,33,79,6
2-Oct-13,17,12,9,2,21,35,3,41,51,6
3-Oct-13,19,6,0,12,21,20,6,37,46,10
4-Oct-13,18,12,17,0,33,35,10,35,50,19
5-Oct-13,18,8,6,6,14,42,3,47,46,12
6-Oct-13,34,23,8,13,16,47,10,18,84,11
7-Oct-13,34,11,6,2,23,23,2,39,76,18
8-Oct-13,15,6,6,5,20,36,4,50,57,13
9-Oct-13,12,10,8,5,39,39,2,30,57,23
10-Oct-13,36,2,11,0,9,18,4,26,51,8
11-Oct-13,10,7,9,4,9,47,8,41,60,14
12-Oct-13,2,8,10,4,14,32,9,30,60,20
13-Oct-13,11,8,5,8,20,23,10,30,69,5
14-Oct-13,14,9,0,10,17,34,9,37,52,4
15-Oct-13,15,9,0,5,18,39,11,42,53,10
16-Oct-13,16,18,6,6,15,30,10,38,54,18
17-Oct-13,18,8,7,10,15,41,14,32,62,13
18-Oct-13,15,24,4,5,15,25,4,50,53,13
19-Oct-13,5,17,7,6,26,47,8,31,55,10
20-Oct-13,44,10,2,5,12,35,5,46,29,8
21-Oct-13,21,6,8,12,24,29,5,33,50,8
22-Oct-13,21,0,10,8,12,26,3,42,38,10
23-Oct-13,10,12,0,6,10,15,8,32,48,15
24-Oct-13,24,14,2,8,16,36,2,23,54,19
25-Oct-13,16,8,10,15,29,47,6,51,67,24
26-Oct-13,25,20,8,5,10,52,1,22,53,13
27-Oct-13,14,6,8,9,20,30,7,36,67,10
28-Oct-13,8,5,3,6,19,33,0,29,64,14
29-Oct-13,11,8,3,2,13,43,2,41,55,2
30-Oct-13,19,9,3,6,10,27,8,26,62,6
31-Oct-13,21,7,5,3,16,29,11,39,38,15
1-Nov-13,26,7,7,3,27,56,5,43,61,4
2-Nov-13,16,14,2,7,17,42,2,40,57,17
3-Nov-13,17,13,7,8,25,29,1,41,47,7
4-Nov-13,26,18,6,6,23,26,3,42,70,7
5-Nov-13,11,6,6,10,23,40,5,43,47,10
6-Nov-13,14,25,6,10,22,25,2,53,52,13
7-Nov-13,12,5,0,0,24,18,2,53,43,13
8-Nov-13,28,4,0,10,16,32,15,47,49,9
9-Nov-13,11,15,3,11,33,34,15,46,53,7
10-Nov-13,29,10,7,3,8,38,5,38,43,22
11-Nov-13,19,9,5,8,13,37,6,38,51,8
12-Nov-13,14,5,5,2,19,35,4,19,57,11
13-Nov-13,23,3,11,8,17,25,12,50,60,13
14-Nov-13,13,8,4,6,15,31,3,33,52,8
15-Nov-13,29,16,15,8,12,39,5,43,47,2
16-Nov-13,20,11,13,13,31,18,0,29,43,8
17-Nov-13,9,19,0,6,25,37,6,41,46,10
18-Nov-13,20,6,4,8,10,25,2,28,43,16
19-Nov-13,22,2,5,9,14,42,3,46,51,16
20-Nov-13,17,2,3,7,17,24,5,72,74,11
21-Nov-13,23,6,10,14,17,27,0,19,51,9
22-Nov-13,28,12,8,25,19,40,2,27,41,14
23-Nov-13,28,11,14,11,15,47,7,60,47,13
24-Nov-13,13,12,5,6,12,35,3,56,33,8
25-Nov-13,19,8,2,5,18,35,0,44,27,23
26-Nov-13,21,6,6,5,16,23,5,41,66,19
27-Nov-13,19,15,5,9,8,34,8,29,50,18
28-Nov-13,23,6,4,5,10,21,2,29,36,8
29-Nov-13,17,7,7,12,19,12,1,59,44,14
30-Nov-13,15,8,11,5,16,29,6,61,52,5
1-Dec-13,35,7,4,0,17,20,7,38,38,7
2-Dec-13,17,5,6,4,25,33,6,47,60,17
3-Dec-13,13,10,4,7,24,23,9,35,51,9
4-Dec-13,10,6,2,5,8,35,7,60,69,13
5-Dec-13,9,0,9,9,26,36,4,54,54,12
6-Dec-13,13,19,4,9,15,28,6,56,63,4
7-Dec-13,10,11,6,11,29,22,8,51,50,12
8-Dec-13,33,4,6,7,17,29,3,44,47,3
9-Dec-13,29,8,4,14,13,30,3,33,58,12
10-Dec-13,10,12,9,9,30,21,0,45,38,14
11-Dec-13,26,8,1,8,18,34,7,53,39,25
12-Dec-13,11,7,6,10,28,34,6,52,79,19
13-Dec-13,25,17,6,14,27,41,6,28,47,7
14-Dec-13,18,12,2,18,6,39,16,40,45,20
15-Dec-13,7,17,0,11,13,31,7,46,60,7
16-Dec-13,26,4,2,11,7,46,6,45,59,10
17-Dec-13,29,3,5,15,27,28,18,29,79,20
18-Dec-13,7,7,6,8,14,56,10,34,69,4
19-Dec-13,16,2,12,10,27,34,7,27,50,24
20-Dec-13,24,6,10,14,30,26,17,44,82,19
21-Dec-13,36,9,7,12,25,50,2,52,69,3
22-Dec-13,16,2,2,4,10,33,4,42,59,14
23-Dec-13,41,26,6,9,16,32,5,44,42,11
24-Dec-13,33,9,8,9,10,23,4,26,58,15
25-Dec-13,21,6,11,12,7,34,0,19,58,12
26-Dec-13,33,6,9,8,27,19,0,34,50,9
27-Dec-13,4,9,6,11,20,31,7,25,47,10
28-Dec-13,32,4,7,7,8,19,9,38,58,6
29-Dec-13,16,9,11,7,15,29,9,30,61,11
30-Dec-13,10,8,9,12,19,22,2,41,48,14
31-Dec-13,6,2,6,11,21,37,5,51,66,23
1-Jan-14,12,19,13,9,71,84,23,56,64,25
2-Jan-14,26,4,2,13,17,28,10,25,48,19
3-Jan-14,14,7,18,15,11,36,3,34,90,16
4-Jan-14,29,14,6,7,14,40,3,40,39,6
5-Jan-14,14,8,10,13,11,36,11,27,53,16
6-Jan-14,20,2,4,3,13,47,9,38,57,14
7-Jan-14,10,8,4,2,7,33,4,67,68,30
8-Jan-14,50,2,18,16,20,33,6,56,56,7
9-Jan-14,29,7,14,10,9,30,9,41,57,26
10-Jan-14,12,4,11,10,24,39,3,45,72,15
11-Jan-14,7,3,0,4,26,49,1,38,42,14
12-Jan-14,20,6,7,11,15,27,0,30,40,14
13-Jan-14,12,13,11,2,27,35,6,45,68,6
14-Jan-14,31,12,2,11,23,48,6,28,51,10
15-Jan-14,15,8,10,7,40,17,4,45,49,46
16-Jan-14,12,8,4,20,24,31,4,59,52,22
17-Jan-14,21,7,4,6,28,27,19,40,64,11
18-Jan-14,24,8,5,8,11,31,2,40,61,22
19-Jan-14,14,10,9,8,17,25,17,37,64,14
20-Jan-14,23,6,6,11,17,29,6,23,54,22
21-Jan-14,10,2,2,11,8,23,3,45,69,14
22-Jan-14,30,9,4,11,29,49,7,36,34,8
23-Jan-14,8,4,11,5,25,26,4,34,44,31
24-Jan-14,50,10,11,17,28,19,7,34,44,21
25-Jan-14,14,11,5,5,14,19,2,49,58,4
26-Jan-14,17,2,11,10,22,41,3,41,45,9
27-Jan-14,24,2,8,8,17,22,7,39,72,22
28-Jan-14,18,13,4,6,27,29,5,23,69,15
29-Jan-14,18,5,9,10,12,24,3,34,48,12
30-Jan-14,26,7,6,9,16,26,11,18,57,7
31-Jan-14,31,7,6,4,22,30,0,29,61,10
1-Feb-14,26,22,4,16,18,32,5,63,44,9
2-Feb-14,9,6,5,0,13,19,7,36,37,6
3-Feb-14,7,7,9,12,28,35,3,44,27,8
4-Feb-14,11,12,8,3,11,27,14,23,73,12
5-Feb-14,16,10,3,5,26,20,7,22,60,8
6-Feb-14,10,2,6,11,33,19,6,30,67,14
7-Feb-14,15,6,4,5,34,35,2,17,66,23
8-Feb-14,23,11,12,7,8,20,6,61,63,19
9-Feb-14,13,6,4,10,13,23,0,42,56,19
10-Feb-14,36,14,2,9,15,28,10,56,38,16
11-Feb-14,28,3,6,13,9,27,11,38,40,12
12-Feb-14,29,6,0,7,23,28,6,24,73,9
13-Feb-14,22,13,9,3,20,33,5,46,68,2
14-Feb-14,23,0,7,7,25,28,11,47,48,17
15-Feb-14,26,10,8,11,12,25,3,42,51,13
16-Feb-14,7,21,0,11,23,29,6,36,64,5
17-Feb-14,12,6,2,6,12,44,5,43,38,11
18-Feb-14,23,0,4,2,13,35,4,23,62,8
19-Feb-14,18,11,7,12,18,14,0,31,32,16
20-Feb-14,19,5,5,8,25,37,14,47,48,9
21-Feb-14,10,12,2,3,17,53,10,30,38,15
22-Feb-14,14,11,5,0,15,31,9,30,42,4
23-Feb-14,15,6,14,9,34,39,3,25,41,16
24-Feb-14,17,15,7,21,17,35,0,43,48,22
25-Feb-14,29,10,5,4,28,39,7,42,45,13
26-Feb-14,17,3,8,9,21,27,8,24,37,17
27-Feb-14,24,9,6,3,16,21,9,30,28,12
28-Feb-14,15,4,2,14,17,29,12,34,59,15
1-Mar-14,30,14,8,3,27,44,4,51,73,10
2-Mar-14,19,6,2,0,16,41,9,39,43,22
3-Mar-14,28,10,12,2,25,39,8,26,76,15
4-Mar-14,39,6,5,6,18,18,5,67,66,15
5-Mar-14,23,5,6,5,17,39,11,36,61,10
6-Mar-14,23,6,2,5,11,31,6,36,59,9
7-Mar-14,26,4,2,13,37,40,2,30,63,9
8-Mar-14,19,10,16,8,16,54,3,34,43,15
9-Mar-14,25,4,2,11,19,28,0,36,48,11
10-Mar-14,25,10,7,6,10,26,16,22,59,14
11-Mar-14,15,7,8,9,12,42,2,37,44,9
12-Mar-14,26,9,2,6,30,17,11,29,64,5
13-Mar-14,24,7,13,9,20,22,0,37,63,12
14-Mar-14,16,5,16,5,23,36,5,50,56,12
15-Mar-14,33,16,4,20,27,36,3,13,54,14
16-Mar-14,12,6,4,9,12,25,2,50,59,4
17-Mar-14,17,8,7,1,14,36,5,24,52,23
18-Mar-14,20,14,2,9,23,48,10,44,60,7
19-Mar-14,19,5,4,7,21,47,0,32,44,10
20-Mar-14,35,6,2,6,31,41,9,42,47,21
21-Mar-14,16,13,7,10,7,48,0,37,77,10
22-Mar-14,34,6,6,12,9,35,2,35,48,8
23-Mar-14,27,12,8,3,12,38,5,35,63,14
24-Mar-14,54,7,3,9,16,29,6,41,37,17
25-Mar-14,20,4,15,3,27,23,0,48,28,18
26-Mar-14,33,10,1,0,15,42,5,33,58,20
27-Mar-14,37,6,5,5,25,47,9,40,47,7
28-Mar-14,17,5,7,8,31,30,15,20,68,12
29-Mar-14,13,6,10,0,21,42,5,33,62,14
30-Mar-14,18,9,8,19,23,47,3,44,42,11
31-Mar-14,20,4,0,3,14,28,10,32,49,7
1-Apr-14,26,8,15,8,17,32,10,44,22,14
2-Apr-14,13,10,6,9,20,48,1,42,47,8
3-Apr-14,12,13,3,6,22,30,14,42,60,10
4-Apr-14,13,9,12,2,20,27,1,42,60,12
5-Apr-14,5,13,16,17,21,49,8,40,72,8
6-Apr-14,38,27,8,4,23,49,10,46,80,22
7-Apr-14,20,3,18,0,23,28,13,49,68,17
8-Apr-14,21,4,2,9,28,47,7,34,63,14
9-Apr-14,17,11,4,21,24,26,4,50,41,4
10-Apr-14,13,4,2,5,15,31,1,47,48,13
11-Apr-14,30,6,2,0,25,27,14,26,40,10
12-Apr-14,26,12,13,3,20,24,5,35,48,27
13-Apr-14,33,3,6,12,19,36,1,43,48,17
14-Apr-14,31,21,3,10,23,29,6,46,40,21
15-Apr-14,13,10,11,10,18,20,3,38,77,7
16-Apr-14,19,11,6,6,26,21,7,50,73,21
17-Apr-14,32,18,3,3,13,16,2,33,60,7
18-Apr-14,10,15,0,12,18,40,6,26,56,13
19-Apr-14,14,4,6,12,20,47,16,35,53,15
20-Apr-14,18,17,7,3,26,26,5,34,29,24
21-Apr-14,16,12,5,5,24,38,10,43,79,12
22-Apr-14,15,6,14,12,22,21,0,36,51,6
23-Apr-14,10,9,5,12,11,25,2,31,67,12
24-Apr-14,13,9,5,5,21,16,8,45,50,17
25-Apr-14,19,4,11,17,23,24,7,21,81,17
26-Apr-14,25,10,8,0,25,40,4,54,40,8
27-Apr-14,16,11,2,14,17,27,4,40,37,12
28-Apr-14,27,7,14,4,23,49,6,29,71,15
29-Apr-14,15,5,7,12,23,32,14,36,83,18
30-Apr-14,21,12,6,6,12,65,0,37,76,19
1-May-14,9,18,10,12,25,40,22,61,67,6
2-May-14,27,15,10,10,35,26,5,39,47,18
3-May-14,13,9,10,19,15,37,9,55,50,12
4-May-14,12,13,3,6,17,61,4,29,56,11
5-May-14,22,17,2,6,16,53,11,40,63,14
6-May-14,28,11,4,2,20,39,0,42,75,26
7-May-14,24,12,8,4,10,21,5,48,50,12
8-May-14,16,9,2,6,15,20,14,66,58,9
9-May-14,34,10,3,11,17,19,2,34,57,14
10-May-14,27,18,15,2,28,40,6,35,61,18
11-May-14,26,5,5,9,21,43,4,58,54,6
12-May-14,18,18,9,6,17,28,11,36,93,15
13-May-14,31,5,1,6,36,28,2,41,69,13
14-May-14,45,5,15,0,29,36,6,57,95,12
15-May-14,16,7,10,3,31,43,13,45,55,11
16-May-14,16,9,0,6,27,49,5,48,55,16
17-May-14,7,8,3,7,23,27,6,23,74,25
18-May-14,11,19,8,13,16,33,13,30,46,19
19-May-14,30,7,7,9,13,48,7,50,22,10
20-May-14,10,13,2,9,19,37,3,20,38,10
21-May-14,9,4,4,9,7,28,5,28,57,17
22-May-14,14,9,12,7,26,45,5,37,72,14
23-May-14,22,14,11,4,19,38,0,41,38,15
24-May-14,22,20,5,3,15,42,3,33,71,14
25-May-14,15,15,5,8,22,28,4,30,53,10
26-May-14,26,0,12,8,18,38,15,27,60,6
27-May-14,11,8,14,5,24,41,3,35,71,7
28-May-14,11,9,6,12,10,19,3,25,63,24
29-May-14,17,11,2,10,23,46,5,44,65,14
30-May-14,8,12,13,19,26,30,0,52,44,5
31-May-14,18,16,4,0,8,50,13,33,44,10
1-Jun-14,18,14,4,21,9,33,7,29,43,11
2-Jun-14,14,5,7,11,24,43,5,42,58,9
3-Jun-14,20,9,27,6,29,49,2,34,56,6
4-Jun-14,25,17,0,4,39,34,12,50,63,8
5-Jun-14,24,8,2,0,19,59,8,59,76,20
6-Jun-14,19,7,13,10,28,36,7,33,53,17
7-Jun-14,15,21,5,11,21,52,6,31,57,22
8-Jun-14,15,9,6,13,18,37,13,68,68,19
9-Jun-14,30,7,12,4,17,34,4,47,46,6
10-Jun-14,34,9,2,12,16,29,0,54,74,12
11-Jun-14,18,10,9,4,31,40,4,83,54,22
12-Jun-14,12,4,13,2,16,39,0,41,56,12
13-Jun-14,16,4,11,3,25,47,1,43,60,14
14-Jun-14,12,6,4,6,27,34,3,49,51,19
15-Jun-14,49,5,8,14,16,33,6,45,60,7
16-Jun-14,20,2,5,7,21,23,10,44,49,17
17-Jun-14,15,5,8,2,22,23,5,65,74,7
18-Jun-14,22,8,4,7,36,35,19,29,56,20
19-Jun-14,17,3,8,5,28,31,0,53,49,11
20-Jun-14,18,15,3,9,33,37,3,27,42,22
21-Jun-14,11,6,0,0,12,36,0,39,43,11
22-Jun-14,21,11,8,13,10,37,9,25,43,6
23-Jun-14,37,16,6,11,26,30,8,34,65,25
24-Jun-14,26,3,3,13,21,39,3,47,54,22
25-Jun-14,36,8,2,1,21,31,5,54,36,12
26-Jun-14,17,11,24,17,27,28,3,44,56,3
27-Jun-14,26,10,6,17,25,26,3,34,78,15
28-Jun-14,14,39,4,9,8,58,5,64,46,2
29-Jun-14,30,40,7,8,27,50,8,63,93,5
30-Jun-14,29,20,7,9,8,33,4,64,42,10
1-Jul-14,40,5,9,3,16,30,3,20,61,8
2-Jul-14,27,7,4,9,18,25,16,47,43,14
3-Jul-14,21,16,3,5,10,58,3,51,69,20
4-Jul-14,12,6,2,10,14,23,8,45,55,4
5-Jul-14,18,4,12,12,11,43,9,35,74,19
6-Jul-14,37,2,0,0,22,60,11,31,42,18
7-Jul-14,34,7,9,7,22,27,6,48,54,19
8-Jul-14,22,1,10,10,11,38,0,34,61,9
9-Jul-14,25,9,13,2,16,32,8,40,65,19
10-Jul-14,29,9,5,13,19,24,14,42,50,21
11-Jul-14,9,13,8,0,19,38,0,54,85,10
12-Jul-14,30,11,13,12,17,58,0,42,57,13
13-Jul-14,20,3,3,13,29,37,3,40,46,7
14-Jul-14,7,9,4,3,26,26,11,26,58,23
15-Jul-14,9,2,11,2,23,41,3,36,65,6
16-Jul-14,24,11,11,3,14,38,10,36,42,16
17-Jul-14,15,6,5,9,9,18,0,44,78,6
18-Jul-14,17,19,3,15,14,37,5,45,70,28
19-Jul-14,22,8,18,6,11,39,5,34,42,13
20-Jul-14,6,19,7,14,14,53,5,19,40,4
21-Jul-14,25,12,8,2,22,36,7,29,71,25
22-Jul-14,34,6,10,7,39,37,8,81,73,15
23-Jul-14,15,9,7,0,35,41,4,56,90,11
24-Jul-14,26,8,2,9,41,43,0,41,60,5
25-Jul-14,17,12,10,5,20,53,7,73,28,15
26-Jul-14,21,17,11,0,27,30,8,17,45,8
27-Jul-14,19,12,12,5,23,43,3,69,55,13
28-Jul-14,21,8,7,9,20,36,4,31,88,4
29-Jul-14,17,0,0,1,13,34,3,29,59,8
30-Jul-14,26,9,11,8,36,20,0,36,50,5
31-Jul-14,14,12,3,5,19,20,4,48,60,12
1-Aug-14,45,7,6,14,37,46,12,33,62,30
2-Aug-14,7,7,3,0,20,57,6,58,66,12
3-Aug-14,29,4,9,13,16,21,0,46,66,19
4-Aug-14,13,18,2,5,15,26,17,50,57,13
5-Aug-14,21,12,2,7,33,26,6,49,45,8
6-Aug-14,11,7,2,11,36,35,5,63,75,11
7-Aug-14,29,12,8,3,12,35,6,44,54,2
8-Aug-14,12,13,9,6,13,35,3,51,87,31
9-Aug-14,26,5,5,17,9,19,6,60,46,11
10-Aug-14,24,7,2,7,17,29,2,57,37,7
11-Aug-14,14,19,15,0,34,26,12,28,58,15
12-Aug-14,15,8,4,13,23,32,4,46,64,10
13-Aug-14,12,4,5,7,19,30,9,33,64,35
14-Aug-14,15,10,9,1,32,34,2,36,69,8
15-Aug-14,10,11,9,9,40,56,5,52,74,8
16-Aug-14,30,5,11,8,13,32,0,54,38,11
17-Aug-14,6,10,12,8,18,45,4,51,43,11
18-Aug-14,15,0,4,11,15,36,7,65,54,6
19-Aug-14,19,2,12,7,20,27,10,37,77,20
20-Aug-14,24,11,2,8,21,20,4,39,44,11
21-Aug-14,21,13,4,16,30,25,5,33,75,10
22-Aug-14,20,8,15,4,25,47,17,50,58,2
23-Aug-14,28,19,6,3,5,46,9,67,49,15
24-Aug-14,20,7,6,4,42,46,9,37,67,9
25-Aug-14,25,17,2,18,20,36,2,40,62,7
26-Aug-14,10,11,4,7,16,36,0,86,49,14
27-Aug-14,18,11,4,6,15,36,13,44,57,9
28-Aug-14,30,14,2,12,24,28,0,58,68,17
29-Aug-14,22,8,14,19,17,47,2,39,56,5
30-Aug-14,23,16,15,12,26,40,15,31,72,5
31-Aug-14,25,15,11,15,35,41,4,58,35,8
1-Sep-14,14,9,7,13,13,31,5,58,77,7
2-Sep-14,19,9,6,3,16,27,1,35,38,8
3-Sep-14,17,12,4,9,10,19,9,45,70,6
4-Sep-14,11,10,10,12,18,35,8,42,65,7
5-Sep-14,26,23,2,5,13,33,11,40,74,5
6-Sep-14,22,10,9,9,10,32,5,42,46,9
7-Sep-14,22,4,8,6,27,41,9,33,65,11
8-Sep-14,23,11,4,7,21,24,6,47,80,12
9-Sep-14,16,7,7,6,9,61,15,33,36,15
10-Sep-14,16,15,0,9,32,48,3,50,68,5
11-Sep-14,23,15,6,7,26,21,7,39,45,13
12-Sep-14,18,12,5,7,27,36,3,51,70,12
13-Sep-14,21,9,5,12,17,46,8,38,64,8
14-Sep-14,21,12,8,11,14,27,7,30,49,9
15-Sep-14,5,11,9,8,17,63,10,55,53,11
16-Sep-14,18,17,2,9,23,46,5,38,92,18
17-Sep-14,31,5,3,12,38,33,3,31,57,16
18-Sep-14,20,16,5,15,23,32,2,37,56,31
19-Sep-14,17,9,8,6,36,38,6,44,71,16
20-Sep-14,12,4,16,11,34,38,9,52,50,6
21-Sep-14,18,2,8,8,24,42,3,74,38,6
22-Sep-14,18,5,7,11,20,31,0,42,65,16
23-Sep-14,19,16,7,11,13,38,14,39,39,2
24-Sep-14,15,11,15,17,25,52,16,60,68,22
25-Sep-14,26,16,8,6,33,48,10,41,53,11
26-Sep-14,25,15,11,12,39,42,9,46,51,14
27-Sep-14,23,11,0,10,30,25,8,22,75,22
28-Sep-14,22,22,0,7,14,31,2,29,33,6
29-Sep-14,18,6,3,7,31,28,6,46,49,6
30-Sep-14,16,10,7,0,30,24,9,28,62,21
1-Oct-14,13,4,4,10,23,28,9,56,65,0
2-Oct-14,10,8,6,4,22,24,0,82,55,17
3-Oct-14,16,15,8,10,31,59,12,75,81,3
4-Oct-14,12,23,6,7,29,56,3,40,59,10
5-Oct-14,30,19,2,5,16,30,3,63,95,13
6-Oct-14,13,4,5,14,34,43,3,47,51,2
7-Oct-14,17,4,7,15,40,36,5,59,54,19
8-Oct-14,18,25,6,13,16,39,12,36,55,12
9-Oct-14,7,16,11,13,28,39,8,41,30,18
10-Oct-14,34,5,5,8,48,31,4,45,69,4
11-Oct-14,23,19,12,4,24,36,7,49,37,14
12-Oct-14,25,28,9,6,19,36,13,39,52,20
13-Oct-14,11,8,6,0,18,35,5,60,41,10
14-Oct-14,23,6,6,4,39,22,12,38,50,7
15-Oct-14,11,6,4,7,38,36,15,36,66,11
16-Oct-14,7,16,0,6,33,37,9,45,60,5
17-Oct-14,30,2,10,3,36,38,18,44,54,16
18-Oct-14,13,20,12,10,20,26,7,40,50,3
19-Oct-14,15,19,2,6,28,24,3,65,49,9
20-Oct-14,21,14,9,10,28,29,9,35,44,14
21-Oct-14,9,15,2,0,14,33,12,44,56,11
22-Oct-14,14,5,7,13,31,25,10,29,90,18
23-Oct-14,19,14,11,14,31,40,6,43,49,23
24-Oct-14,15,14,11,7,27,55,5,35,83,14
25-Oct-14,33,26,0,6,28,43,2,47,42,8
26-Oct-14,26,16,6,5,20,37,11,39,58,14
27-Oct-14,30,3,6,8,13,41,0,53,43,20
28-Oct-14,21,7,2,4,17,29,4,32,56,22
29-Oct-14,14,19,4,3,17,47,3,53,71,7
30-Oct-14,23,16,8,3,18,44,16,48,77,7
31-Oct-14,15,3,1,8,42,30,14,35,66,29
1-Nov-14,20,27,4,11,23,27,4,36,43,21
2-Nov-14,7,4,4,6,19,38,7,31,41,10
3-Nov-14,27,9,10,11,26,40,3,69,65,11
4-Nov-14,21,6,2,19,21,28,13,51,75,5
5-Nov-14,19,6,0,10,18,64,12,58,44,24
6-Nov-14,47,14,5,14,34,45,4,59,57,20
7-Nov-14,9,4,7,5,25,30,4,56,43,6
8-Nov-14,9,11,16,11,39,41,3,54,81,9
9-Nov-14,7,15,4,13,30,44,11,15,58,4
10-Nov-14,19,5,3,4,21,30,2,45,38,10
11-Nov-14,21,7,4,3,22,30,2,53,45,9
12-Nov-14,18,20,4,20,36,27,9,51,56,10
13-Nov-14,25,2,8,14,25,30,15,39,40,14
14-Nov-14,20,19,13,6,43,30,9,73,46,11
15-Nov-14,22,22,1,15,13,40,4,31,44,13
16-Nov-14,22,9,0,13,12,27,6,27,44,12
17-Nov-14,23,5,15,9,16,41,10,56,36,7
18-Nov-14,27,11,3,0,19,38,6,43,53,10
19-Nov-14,14,12,9,4,26,32,3,43,61,8
20-Nov-14,23,16,4,6,35,26,6,30,47,10
21-Nov-14,22,7,7,5,27,32,4,80,60,13
22-Nov-14,7,10,6,12,22,32,3,54,47,22
23-Nov-14,28,8,4,7,18,21,11,32,59,12
24-Nov-14,28,12,11,14,31,29,5,62,40,19
25-Nov-14,29,2,11,5,45,35,5,47,45,12
26-Nov-14,21,7,11,2,34,60,4,32,41,10
27-Nov-14,7,5,4,3,6,46,5,23,45,16
28-Nov-14,27,6,2,6,24,17,3,20,42,15
29-Nov-14,22,5,7,5,31,31,8,45,56,6
30-Nov-14,29,11,3,6,27,17,8,35,48,0
1-Dec-14,7,2,4,6,20,34,5,45,64,11
2-Dec-14,20,8,7,6,18,25,6,36,54,17
3-Dec-14,10,8,18,3,28,21,16,34,67,7
4-Dec-14,14,7,4,16,31,39,16,59,56,12
5-Dec-14,19,9,6,2,25,50,3,50,95,8
6-Dec-14,35,7,0,12,33,56,9,47,67,12
7-Dec-14,24,17,5,3,41,79,12,46,40,7
8-Dec-14,27,15,8,7,24,33,11,42,66,11
9-Dec-14,33,14,11,6,39,39,1,52,80,11
10-Dec-14,22,7,8,7,37,41,7,26,61,16
11-Dec-14,17,7,4,2,41,24,5,39,77,15
12-Dec-14,17,12,9,8,51,55,8,57,65,20
13-Dec-14,27,13,18,8,29,40,6,49,74,11
14-Dec-14,19,8,3,14,19,39,8,44,54,18
15-Dec-14,28,18,8,11,25,36,2,60,64,9
16-Dec-14,9,2,2,8,28,36,9,51,59,1
17-Dec-14,19,11,14,10,41,31,14,36,57,12
18-Dec-14,14,3,5,9,25,32,6,41,62,7
19-Dec-14,17,0,6,7,32,42,2,51,52,25
20-Dec-14,21,6,2,9,15,34,8,45,58,16
21-Dec-14,16,15,6,13,16,34,6,39,60,17
22-Dec-14,32,4,6,14,24,49,10,59,90,11
23-Dec-14,27,12,4,11,13,40,4,31,67,20
24-Dec-14,15,1,9,4,22,17,8,47,78,16
25-Dec-14,23,8,6,3,21,34,4,29,58,13
26-Dec-14,8,12,4,10,7,24,8,33,57,20
27-Dec-14,13,15,4,5,32,32,0,40,85,6
28-Dec-14,34,13,14,11,14,25,12,17,41,5
29-Dec-14,20,0,0,13,33,22,5,37,48,16
30-Dec-14,9,2,0,6,16,39,5,47,63,8
31-Dec-14,34,13,12,15,17,24,3,60,46,13
1-Jan-15,11,15,12,13,72,57,17,81,89,20
2-Jan-15,26,3,17,3,8,16,9,31,65,12
3-Jan-15,7,6,16,15,21,29,3,56,62,12
4-Jan-15,21,5,6,4,18,39,8,40,51,18
5-Jan-15,22,10,18,18,28,41,9,66,57,35
6-Jan-15,12,12,12,17,37,42,5,46,67,15
7-Jan-15,26,5,4,2,17,41,4,55,59,15
8-Jan-15,22,18,7,16,20,39,7,43,52,14
9-Jan-15,14,5,2,7,29,46,1,27,51,17
10-Jan-15,18,17,10,11,30,38,9,26,68,25
11-Jan-15,20,25,11,11,22,50,9,28,80,15
12-Jan-15,17,10,10,8,19,51,8,39,61,25
13-Jan-15,29,8,4,13,24,32,7,48,52,14
14-Jan-15,24,9,7,10,25,43,5,37,75,15
15-Jan-15,18,12,9,7,21,25,6,30,68,8
16-Jan-15,15,17,11,17,15,25,8,56,59,10
17-Jan-15,32,16,14,14,42,47,3,38,46,12
18-Jan-15,25,16,4,12,22,38,6,54,60,17
19-Jan-15,28,8,0,5,13,64,15,32,71,9
20-Jan-15,11,2,8,4,31,39,8,45,67,20
21-Jan-15,24,0,9,8,18,45,0,58,77,13
22-Jan-15,22,0,3,5,26,38,13,55,54,6
23-Jan-15,20,6,14,3,30,32,14,48,66,18
24-Jan-15,14,2,8,5,27,48,0,40,67,11
25-Jan-15,22,6,2,4,13,33,11,23,48,18
26-Jan-15,31,16,6,5,35,58,4,48,72,19
27-Jan-15,36,5,7,5,21,23,9,52,61,8
28-Jan-15,17,10,6,10,25,45,14,27,51,9
29-Jan-15,30,8,14,4,27,29,10,63,57,20
30-Jan-15,14,2,15,21,22,43,5,42,64,10
31-Jan-15,30,14,10,8,29,35,9,39,47,24
1-Feb-15,49,8,10,9,21,33,6,27,42,21
2-Feb-15,24,10,10,5,28,30,8,64,51,20
3-Feb-15,15,8,2,16,20,41,16,59,42,17
4-Feb-15,31,7,7,2,19,45,6,54,79,3
5-Feb-15,17,4,8,8,20,27,5,60,72,13
6-Feb-15,27,21,5,18,41,33,14,77,67,11
7-Feb-15,19,8,10,10,15,42,10,37,52,16
8-Feb-15,26,11,10,16,22,26,9,48,72,7
9-Feb-15,24,10,3,15,33,45,10,32,53,5
10-Feb-15,33,21,14,2,25,30,11,50,83,11
11-Feb-15,16,8,7,13,25,11,10,59,71,23
12-Feb-15,19,7,7,6,30,34,3,26,61,4
13-Feb-15,9,12,12,9,37,40,10,68,65,42
14-Feb-15,20,9,5,8,25,42,8,55,62,16
15-Feb-15,25,9,5,3,26,26,13,49,47,9
16-Feb-15,20,8,4,9,22,44,9,39,55,16
17-Feb-15,17,8,0,8,20,19,8,53,32,24
18-Feb-15,21,18,4,10,31,38,3,52,65,13
19-Feb-15,13,18,2,5,38,24,7,42,36,14
20-Feb-15,24,6,5,10,44,35,12,52,44,12
21-Feb-15,22,3,2,7,23,33,8,55,45,14
22-Feb-15,9,9,0,9,27,35,8,62,52,14
23-Feb-15,42,17,8,14,30,29,7,28,67,19
24-Feb-15,24,4,3,14,15,14,0,26,55,11
25-Feb-15,18,11,17,20,19,24,3,50,39,13
26-Feb-15,17,22,2,9,28,28,3,57,63,27
27-Feb-15,29,5,7,5,27,49,11,44,57,5
28-Feb-15,26,0,5,13,34,42,5,53,51,18
1-Mar-15,16,14,2,10,16,23,13,55,51,32
2-Mar-15,20,15,8,5,26,60,11,36,56,13
3-Mar-15,21,7,2,6,25,34,12,62,57,16
4-Mar-15,35,11,15,12,32,29,8,77,70,11
5-Mar-15,26,8,11,3,32,36,9,60,87,16
6-Mar-15,15,19,5,8,40,43,3,51,58,9
7-Mar-15,31,14,19,3,23,30,2,45,47,15
8-Mar-15,12,11,17,7,21,55,2,74,52,22
9-Mar-15,30,6,9,11,20,32,5,56,58,11
10-Mar-15,14,14,6,3,17,46,11,60,50,11
11-Mar-15,22,5,7,4,11,26,3,59,64,17
12-Mar-15,16,10,10,16,33,39,3,46,68,14
13-Mar-15,16,17,8,5,30,32,9,54,114,20
14-Mar-15,22,16,13,0,25,64,7,51,70,8
15-Mar-15,17,6,7,6,29,43,11,45,70,21
16-Mar-15,31,5,9,9,26,42,6,69,60,11
17-Mar-15,25,20,9,9,21,52,9,61,44,14
18-Mar-15,30,14,6,9,15,34,10,38,67,19
19-Mar-15,19,14,6,6,24,35,7,51,64,10
20-Mar-15,24,6,3,7,17,47,7,49,42,12
21-Mar-15,22,3,3,11,20,71,5,43,34,18
22-Mar-15,23,9,9,3,16,45,11,50,53,15
23-Mar-15,21,6,2,7,14,47,14,28,65,5
24-Mar-15,16,7,4,11,22,39,8,42,67,15
25-Mar-15,25,22,11,3,17,55,4,43,76,15
26-Mar-15,16,10,16,11,21,40,7,48,76,10
27-Mar-15,21,8,5,4,25,34,16,38,65,17
28-Mar-15,24,8,0,16,29,37,2,48,42,24
29-Mar-15,24,8,8,18,25,51,0,40,86,17
30-Mar-15,23,10,3,5,12,26,9,38,38,7
31-Mar-15,27,8,10,16,42,27,4,36,39,9
1-Apr-15,31,13,5,6,25,33,10,32,56,18
2-Apr-15,30,15,4,10,19,27,2,44,58,13
3-Apr-15,17,18,5,8,48,33,6,43,50,8
4-Apr-15,23,7,8,9,19,41,13,48,54,16
5-Apr-15,14,9,0,12,17,29,3,44,59,16
6-Apr-15,14,7,11,23,24,32,12,41,46,13
7-Apr-15,4,10,6,7,30,39,3,49,38,9
8-Apr-15,7,6,8,4,7,26,6,39,56,4
9-Apr-15,16,10,13,9,33,38,0,40,54,9
10-Apr-15,11,6,7,4,44,58,2,62,79,17
11-Apr-15,26,4,4,2,15,31,14,24,60,19
12-Apr-15,31,4,6,7,26,32,10,28,64,11
13-Apr-15,20,9,2,13,13,33,9,52,55,13
14-Apr-15,13,8,10,10,38,35,5,49,52,13
15-Apr-15,27,7,0,7,18,26,2,20,68,15
16-Apr-15,27,0,6,15,32,41,6,65,54,6
17-Apr-15,25,9,4,16,43,39,2,46,80,20
18-Apr-15,19,11,9,3,33,31,6,34,59,4
19-Apr-15,10,24,4,8,14,27,7,37,55,16
20-Apr-15,32,7,16,11,32,45,5,49,46,13
21-Apr-15,24,16,2,9,34,37,3,52,49,19
22-Apr-15,30,6,6,8,38,53,2,52,57,13
23-Apr-15,22,9,14,10,28,33,9,53,49,18
24-Apr-15,10,0,11,2,35,34,10,48,82,18
25-Apr-15,21,6,2,8,20,55,13,31,51,10
26-Apr-15,23,11,10,5,34,38,5,42,53,20
27-Apr-15,42,15,2,6,36,34,16,44,61,20
28-Apr-15,19,12,4,2,24,44,1,34,61,15
29-Apr-15,24,14,0,6,23,49,7,44,69,16
30-Apr-15,29,17,11,3,48,48,5,38,86,28
1-May-15,21,0,12,5,13,39,9,49,76,10
2-May-15,26,15,2,13,24,51,9,40,81,6
3-May-15,23,10,10,9,23,31,0,45,71,15
4-May-15,9,23,10,3,25,30,6,64,55,17
5-May-15,14,12,12,19,35,39,7,48,41,15
6-May-15,11,2,6,12,40,35,3,55,57,13
7-May-15,19,14,1,2,29,49,9,69,71,10
8-May-15,33,5,6,10,30,52,11,68,56,17
9-May-15,25,7,0,14,33,37,7,55,47,10
10-May-15,20,8,6,6,8,45,5,28,48,16
11-May-15,19,2,9,8,34,46,4,36,66,15
12-May-15,21,4,1,7,8,28,8,55,65,25
13-May-15,27,11,10,14,26,32,10,50,37,13
14-May-15,25,9,9,4,26,81,9,44,55,11
15-May-15,13,12,13,20,42,41,6,57,68,27
16-May-15,21,14,0,4,17,37,2,26,44,11
17-May-15,28,8,7,6,28,21,11,44,50,21
18-May-15,7,7,5,0,27,26,6,49,61,11
19-May-15,26,11,8,14,31,35,6,36,67,14
20-May-15,17,20,9,8,29,22,10,44,52,12
21-May-15,35,6,4,12,26,27,8,44,91,32
22-May-15,36,4,7,15,30,49,7,45,44,8
23-May-15,16,19,0,20,12,50,5,51,47,26
24-May-15,35,11,4,2,16,47,0,62,59,2
25-May-15,11,8,7,16,28,49,8,67,54,13
26-May-15,13,5,7,11,26,50,5,52,36,19
27-May-15,24,6,5,13,24,25,5,28,64,16
28-May-15,13,9,10,6,24,32,6,45,54,12
29-May-15,35,10,0,12,36,47,9,39,52,14
30-May-15,11,8,4,8,26,29,7,59,45,14
31-May-15,19,7,9,11,30,33,0,41,58,9
1-Jun-15,26,4,10,9,15,53,8,57,77,30
2-Jun-15,19,4,9,4,26,28,0,44,97,18
3-Jun-15,33,8,5,5,33,46,3,54,85,15
4-Jun-15,23,2,10,8,37,38,2,46,62,18
5-Jun-15,18,16,29,8,30,36,19,44,64,5
6-Jun-15,21,10,11,20,26,44,8,50,58,18
7-Jun-15,36,14,2,5,27,30,2,39,49,2
8-Jun-15,36,10,16,3,47,61,5,52,74,20
9-Jun-15,30,2,14,5,35,37,2,55,68,13
10-Jun-15,17,16,2,10,14,43,1,33,65,10
11-Jun-15,19,11,13,4,36,31,17,46,67,5
12-Jun-15,26,16,1,6,23,41,7,73,63,10
13-Jun-15,24,9,6,14,30,34,16,73,45,17
14-Jun-15,17,13,9,6,26,43,1,41,52,10
15-Jun-15,24,0,8,12,13,40,14,36,50,11
16-Jun-15,9,9,3,0,27,45,14,48,51,15
17-Jun-15,23,7,17,9,26,59,10,27,53,15
18-Jun-15,27,18,2,4,28,40,8,62,46,9
19-Jun-15,33,13,6,12,15,41,3,30,56,24
20-Jun-15,38,9,4,3,28,40,18,45,31,13
21-Jun-15,14,13,4,13,16,47,10,22,58,18
22-Jun-15,24,7,4,16,24,53,9,52,44,5
23-Jun-15,24,12,4,3,16,38,6,28,36,13
24-Jun-15,24,16,3,8,26,31,3,34,50,18
25-Jun-15,26,5,3,5,24,45,0,57,52,16
26-Jun-15,24,9,11,12,30,29,6,33,81,16
27-Jun-15,19,55,8,9,28,52,9,71,56,20
28-Jun-15,18,26,7,10,65,59,1,98,75,19
29-Jun-15,31,11,9,13,60,34,5,41,72,9
30-Jun-15,10,13,7,2,26,42,8,56,39,13
1-Jul-15,16,9,2,6,42,39,5,59,89,11
2-Jul-15,23,5,8,9,42,32,4,43,75,9
3-Jul-15,19,11,2,12,30,32,7,30,68,14
4-Jul-15,18,10,8,7,52,49,4,39,61,8
5-Jul-15,27,3,7,7,32,28,17,57,45,15
6-Jul-15,19,15,7,11,31,45,7,61,47,2
7-Jul-15,22,6,10,6,16,41,17,65,57,18
8-Jul-15,18,5,8,8,25,33,13,41,48,9
9-Jul-15,21,2,6,5,28,37,3,37,54,11
10-Jul-15,14,5,7,2,42,26,4,39,49,10
11-Jul-15,22,25,5,5,24,31,3,46,48,11
12-Jul-15,13,6,2,0,20,37,9,51,41,18
13-Jul-15,23,10,7,3,41,54,10,54,58,8
14-Jul-15,15,2,5,9,31,37,5,35,66,7
15-Jul-15,20,16,5,6,22,26,0,41,66,10
16-Jul-15,13,10,8,10,34,48,10,59,48,6
17-Jul-15,14,10,18,12,30,34,11,51,68,27
18-Jul-15,14,5,0,2,39,35,6,37,65,11
19-Jul-15,31,15,4,7,35,40,10,45,64,10
20-Jul-15,8,16,10,2,22,45,0,44,56,15
21-Jul-15,29,14,5,2,17,40,3,26,71,13
22-Jul-15,8,16,7,11,39,61,0,42,82,5
23-Jul-15,27,4,16,5,27,40,6,50,85,6
24-Jul-15,20,9,6,3,33,50,11,37,59,13
25-Jul-15,20,8,11,10,15,38,2,43,54,12
26-Jul-15,25,5,2,3,36,42,6,25,46,10
27-Jul-15,15,14,19,4,34,29,9,33,63,14
28-Jul-15,12,17,2,17,28,32,3,46,52,18
29-Jul-15,15,8,8,16,19,31,8,23,51,22
30-Jul-15,33,6,6,13,32,21,10,50,51,15
31-Jul-15,19,11,9,15,32,42,7,57,68,15
1-Aug-15,21,10,3,2,37,51,7,56,62,17
2-Aug-15,9,6,15,5,13,45,9,46,39,13
3-Aug-15,24,16,5,7,34,27,4,47,59,29
4-Aug-15,22,7,8,15,28,24,9,41,65,17
5-Aug-15,36,6,8,11,54,34,6,34,65,9
6-Aug-15,23,10,13,3,41,53,6,42,62,8
7-Aug-15,10,6,5,5,53,29,12,34,50,18
8-Aug-15,36,15,8,11,57,33,2,54,61,12
9-Aug-15,15,17,2,14,27,27,4,50,54,6
10-Aug-15,10,5,11,14,32,44,12,48,46,7
11-Aug-15,21,12,9,15,26,39,3,38,48,19
12-Aug-15,23,5,4,14,9,37,0,43,54,12
13-Aug-15,32,2,6,9,16,31,8,36,70,12
14-Aug-15,17,8,9,7,42,19,0,47,47,20
15-Aug-15,39,29,13,1,6,36,7,51,63,18
16-Aug-15,25,19,8,11,22,28,4,44,70,21
17-Aug-15,19,2,7,13,7,16,4,49,59,15
18-Aug-15,9,7,8,2,26,25,9,44,49,29
19-Aug-15,15,24,4,14,27,43,5,32,62,11
20-Aug-15,24,13,13,8,25,28,6,38,47,9
21-Aug-15,28,11,6,15,34,35,10,43,73,15
22-Aug-15,29,4,10,8,32,37,6,40,60,6
23-Aug-15,31,14,6,5,19,37,5,45,32,24
24-Aug-15,40,3,2,5,30,34,14,50,64,19
25-Aug-15,13,6,5,10,20,34,7,47,58,14
26-Aug-15,24,14,4,6,28,23,7,73,55,20
27-Aug-15,27,7,10,5,32,53,3,48,56,18
28-Aug-15,20,11,8,13,46,55,7,76,69,17
29-Aug-15,29,17,4,6,16,38,2,59,56,15
30-Aug-15,13,5,7,9,18,46,12,47,62,23
31-Aug-15,23,6,9,6,21,31,3,41,72,16
1-Sep-15,16,11,2,6,46,37,4,33,54,10
2-Sep-15,26,14,9,18,35,42,5,35,84,7
3-Sep-15,22,12,4,4,35,27,11,49,71,12
4-Sep-15,15,9,9,13,24,43,4,63,67,11
5-Sep-15,19,19,12,12,29,46,8,47,54,15
6-Sep-15,22,7,4,9,36,49,0,49,59,11
7-Sep-15,19,1,2,4,11,53,6,69,57,11
8-Sep-15,30,14,8,4,23,32,6,80,78,12
9-Sep-15,20,15,10,8,43,35,3,46,49,15
10-Sep-15,33,10,3,11,6,29,2,38,70,12
11-Sep-15,31,9,8,18,48,31,10,25,74,9
12-Sep-15,11,13,7,4,22,44,7,62,50,9
13-Sep-15,32,5,14,4,26,22,8,38,37,22
14-Sep-15,26,6,11,5,23,35,11,61,96,18
15-Sep-15,9,7,2,8,33,28,12,64,52,21
16-Sep-15,29,13,5,8,30,29,15,31,58,1
17-Sep-15,15,8,5,15,17,28,8,47,60,8
18-Sep-15,34,4,5,19,33,34,13,57,61,14
19-Sep-15,17,2,12,6,35,42,5,62,80,14
20-Sep-15,39,14,8,6,39,39,2,54,91,10
21-Sep-15,13,7,1,8,18,66,3,54,53,8
22-Sep-15,8,12,3,8,36,32,6,31,69,6
23-Sep-15,18,10,2,12,31,35,6,50,67,11
24-Sep-15,18,13,8,11,44,47,11,38,70,7
25-Sep-15,21,8,2,12,21,30,7,35,52,9
26-Sep-15,19,3,2,11,40,52,12,71,60,9
27-Sep-15,15,10,0,15,35,29,0,51,73,12
28-Sep-15,22,10,8,0,38,31,7,48,54,4
29-Sep-15,37,6,17,2,35,32,18,52,62,12
30-Sep-15,13,4,10,16,35,38,2,27,51,9
1-Oct-15,33,3,6,10,42,62,8,32,66,13
2-Oct-15,11,8,15,11,36,68,1,66,67,18
3-Oct-15,28,10,4,13,24,46,7,61,79,22
4-Oct-15,22,19,9,12,14,47,10,50,52,12
5-Oct-15,47,10,10,3,29,27,11,66,49,20
6-Oct-15,21,6,14,2,39,27,10,52,83,14
7-Oct-15,13,9,2,2,37,31,6,40,65,17
8-Oct-15,17,30,12,2,27,37,13,37,78,21
9-Oct-15,20,11,14,2,32,48,6,46,64,13
10-Oct-15,20,9,17,10,52,42,9,40,39,10
11-Oct-15,15,5,6,6,41,24,0,33,69,13
12-Oct-15,38,22,21,6,30,22,21,30,48,23
13-Oct-15,27,6,10,5,30,53,9,37,76,12
14-Oct-15,38,4,12,6,30,46,2,72,57,11
15-Oct-15,11,11,15,9,10,37,3,47,80,11
16-Oct-15,19,10,6,18,37,47,3,58,50,18
17-Oct-15,14,7,14,9,36,46,8,44,35,14
18-Oct-15,18,8,6,9,26,26,0,22,57,17
19-Oct-15,16,6,2,7,20,31,1,58,69,16
20-Oct-15,26,10,4,6,32,23,5,48,68,15
21-Oct-15,23,9,16,11,22,34,9,38,56,12
22-Oct-15,29,12,16,4,20,28,5,44,57,6
23-Oct-15,22,3,10,10,20,41,11,32,43,12
24-Oct-15,18,20,13,12,26,30,5,51,59,10
25-Oct-15,26,7,7,8,36,24,9,34,43,11
26-Oct-15,25,2,8,8,18,34,9,45,25,12
27-Oct-15,15,5,6,3,20,36,6,47,43,14
28-Oct-15,11,7,10,4,40,37,2,51,46,12
29-Oct-15,23,5,13,8,29,32,2,33,60,13
30-Oct-15,8,10,11,4,35,32,7,56,57,17
31-Oct-15,9,7,3,9,25,65,4,56,62,5
1-Nov-15,18,22,2,13,42,66,6,45,73,15
2-Nov-15,17,4,4,3,21,29,5,54,60,17
3-Nov-15,17,0,9,7,12,34,15,37,98,16
4-Nov-15,16,6,10,17,13,30,12,47,80,9
5-Nov-15,11,4,11,9,31,25,3,38,69,15
6-Nov-15,23,8,2,5,34,33,0,28,57,13
7-Nov-15,14,7,6,14,35,51,5,36,42,13
8-Nov-15,22,9,9,13,14,37,14,32,62,12
9-Nov-15,19,9,6,21,16,31,7,35,79,5
10-Nov-15,23,8,0,8,19,34,13,37,64,11
11-Nov-15,18,2,4,2,25,40,3,33,73,14
12-Nov-15,13,4,13,10,31,53,10,32,41,4
13-Nov-15,22,11,10,11,59,49,13,61,80,9
14-Nov-15,26,16,20,10,32,28,4,51,61,14
15-Nov-15,2,15,7,6,36,28,5,42,44,9
16-Nov-15,20,8,2,17,19,18,8,51,54,26
17-Nov-15,7,7,3,0,32,34,10,43,69,8
18-Nov-15,26,11,9,6,21,38,5,59,67,18
19-Nov-15,36,10,5,0,28,49,7,46,67,12
20-Nov-15,28,20,3,12,25,50,0,31,85,12
21-Nov-15,18,10,6,7,32,40,8,46,55,15
22-Nov-15,31,8,8,11,17,41,14,49,68,6
23-Nov-15,25,12,7,10,34,17,17,59,52,15
24-Nov-15,7,8,18,23,41,28,0,37,55,11
25-Nov-15,5,4,5,0,17,32,14,35,71,18
26-Nov-15,11,7,3,8,8,52,3,28,48,27
27-Nov-15,18,9,10,4,20,29,15,50,51,17
28-Nov-15,10,7,2,17,17,33,12,22,40,8
29-Nov-15,17,13,10,6,13,23,5,31,35,8
30-Nov-15,13,4,16,10,28,45,0,40,48,14
1-Dec-15,17,14,2,5,29,47,3,71,49,5
2-Dec-15,23,4,8,8,21,41,3,44,60,18
3-Dec-15,14,8,28,16,24,47,9,54,98,13
4-Dec-15,23,5,3,17,27,23,3,53,75,4
5-Dec-15,13,21,2,15,29,38,6,66,54,20
6-Dec-15,13,4,6,8,30,47,8,70,49,18
7-Dec-15,18,4,5,20,25,33,11,50,57,20
8-Dec-15,17,20,5,8,33,44,2,33,78,27
9-Dec-15,22,7,2,12,21,36,0,63,83,5
10-Dec-15,16,10,16,5,38,35,0,68,41,7
11-Dec-15,6,13,10,8,37,39,2,43,52,5
12-Dec-15,18,9,14,5,24,42,22,55,61,5
13-Dec-15,19,21,11,4,19,28,3,46,63,8
14-Dec-15,11,12,11,10,48,18,7,65,56,13
15-Dec-15,26,1,4,6,28,28,5,49,86,9
16-Dec-15,28,10,13,5,24,39,14,40,84,4
17-Dec-15,21,14,7,9,35,46,3,34,43,27
18-Dec-15,33,6,12,7,33,29,19,65,64,5
19-Dec-15,16,9,11,6,25,20,9,36,57,10
20-Dec-15,20,14,8,10,22,45,0,48,73,8
21-Dec-15,15,8,7,13,23,20,18,49,86,15
22-Dec-15,26,9,0,8,44,22,7,48,52,6
23-Dec-15,28,4,8,13,35,26,2,48,42,16
24-Dec-15,8,7,2,15,30,32,4,44,53,12
25-Dec-15,19,15,0,21,22,48,12,49,46,7
26-Dec-15,13,9,4,10,22,29,3,35,44,9
27-Dec-15,24,3,11,8,22,29,2,50,45,10
28-Dec-15,34,2,6,4,15,39,4,63,48,13
29-Dec-15,31,7,11,9,17,25,3,51,72,22
30-Dec-15,7,6,14,5,27,53,6,39,33,19
31-Dec-15,23,5,12,5,37,46,8,34,81,21
1-Jan-16,24,26,9,5,57,31,6,69,107,4
2-Jan-16,26,13,13,4,14,58,7,55,78,8
3-Jan-16,22,12,2,16,20,38,10,46,51,7
4-Jan-16,20,7,6,5,23,26,9,54,52,19
5-Jan-16,24,4,6,15,25,24,8,52,75,9
6-Jan-16,13,7,9,13,21,44,3,45,56,14
7-Jan-16,23,15,4,10,29,22,4,40,73,8
8-Jan-16,19,13,2,13,33,46,11,62,73,6
9-Jan-16,17,8,6,16,14,46,7,43,66,15
10-Jan-16,23,3,10,5,19,27,4,37,59,21
11-Jan-16,27,12,11,8,18,28,9,68,58,9
12-Jan-16,19,17,9,5,25,47,20,63,73,7
13-Jan-16,11,8,11,4,20,42,9,43,79,16
14-Jan-16,18,6,4,14,38,44,6,62,82,5
15-Jan-16,38,4,25,8,19,31,3,36,72,23
16-Jan-16,22,7,12,13,23,38,6,29,58,18
17-Jan-16,22,6,4,11,15,50,10,23,78,0
18-Jan-16,29,4,11,10,35,16,12,32,78,16
19-Jan-16,11,19,0,10,25,36,3,52,70,20
20-Jan-16,20,3,10,3,44,30,4,36,67,12
21-Jan-16,25,5,8,11,34,30,3,44,72,20
22-Jan-16,13,13,5,5,37,25,0,45,51,8
23-Jan-16,23,5,7,18,17,12,5,43,78,16
24-Jan-16,20,12,5,13,27,30,6,26,49,4
25-Jan-16,14,14,14,10,52,36,7,51,58,5
26-Jan-16,31,8,4,7,30,28,7,39,62,2
27-Jan-16,22,4,8,7,36,33,0,57,63,10
28-Jan-16,26,23,4,8,34,28,11,40,57,8
29-Jan-16,24,9,5,1,15,22,2,39,71,8
30-Jan-16,17,6,0,20,27,36,5,39,51,14
31-Jan-16,21,7,17,6,23,19,5,48,49,19
1-Feb-16,11,4,5,13,18,49,8,51,85,11
2-Feb-16,25,21,6,7,51,30,2,64,66,24
3-Feb-16,31,7,4,8,39,44,3,33,92,24
4-Feb-16,28,9,8,6,41,55,8,44,90,10
5-Feb-16,29,8,8,6,31,40,5,53,126,2
6-Feb-16,26,11,9,17,84,33,13,57,78,7
7-Feb-16,43,4,8,12,23,47,8,39,71,13
8-Feb-16,33,5,5,8,53,35,2,59,63,6
9-Feb-16,19,9,6,5,53,28,18,74,83,16
10-Feb-16,28,7,6,8,40,35,11,57,61,20
11-Feb-16,15,9,0,3,29,50,10,53,67,16
12-Feb-16,20,4,4,20,16,55,11,51,47,17
13-Feb-16,29,4,12,4,41,34,3,31,70,17
14-Feb-16,29,8,0,13,22,21,7,45,62,16
15-Feb-16,32,11,7,9,15,31,3,66,66,21
16-Feb-16,34,8,11,6,45,39,9,39,45,11
17-Feb-16,15,6,6,19,26,25,2,49,49,19
18-Feb-16,22,17,14,13,30,24,13,54,58,12
19-Feb-16,25,8,2,14,27,34,4,42,69,14
20-Feb-16,16,4,11,8,14,24,6,36,64,14
21-Feb-16,21,17,4,8,19,33,10,37,52,29
22-Feb-16,40,22,6,0,39,31,11,26,83,12
23-Feb-16,29,13,2,13,31,20,0,31,47,28
24-Feb-16,34,12,10,9,29,27,9,47,56,7
25-Feb-16,30,17,7,14,24,31,14,46,93,21
26-Feb-16,25,14,5,8,32,44,15,53,48,21
27-Feb-16,14,7,6,13,31,35,15,54,52,12
28-Feb-16,38,4,13,4,16,28,2,57,81,24
29-Feb-16,32,12,8,8,28,42,14,47,61,8
1-Mar-16,9,6,2,6,29,26,14,56,60,16
2-Mar-16,21,13,9,4,33,29,7,41,49,13
3-Mar-16,22,12,14,7,30,43,5,46,79,21
4-Mar-16,15,15,9,4,46,44,3,44,63,10
5-Mar-16,14,6,4,11,24,43,4,38,85,13
6-Mar-16,21,4,6,15,9,27,2,29,48,29
7-Mar-16,23,6,7,9,26,35,3,30,56,19
8-Mar-16,22,10,0,12,19,23,2,36,70,12
9-Mar-16,26,6,7,4,24,34,3,65,68,19
10-Mar-16,14,10,6,4,39,38,12,47,36,15
11-Mar-16,24,7,10,0,30,38,5,36,66,17
12-Mar-16,29,7,4,2,21,31,8,47,73,5
13-Mar-16,22,9,8,6,20,17,10,36,47,7
14-Mar-16,11,5,0,2,29,44,5,47,85,5
15-Mar-16,12,9,0,15,37,27,5,62,60,9
16-Mar-16,40,8,9,14,48,40,0,90,76,6
17-Mar-16,19,6,22,5,46,31,6,46,64,7
18-Mar-16,30,6,18,0,39,38,4,54,50,23
19-Mar-16,22,11,3,14,33,26,8,51,53,15
20-Mar-16,37,10,10,8,32,25,10,30,58,16
21-Mar-16,18,2,7,2,38,34,9,46,63,15
22-Mar-16,26,9,3,16,27,27,11,39,67,20
23-Mar-16,31,7,12,11,24,26,4,33,56,4
24-Mar-16,16,17,4,2,46,33,17,48,72,13
25-Mar-16,17,23,12,11,23,47,19,50,70,12
26-Mar-16,24,8,2,9,21,31,5,46,63,16
27-Mar-16,20,14,17,8,28,45,2,46,63,19
28-Mar-16,21,10,8,5,19,23,8,27,86,22
29-Mar-16,8,7,11,10,38,17,5,41,84,8
30-Mar-16,27,13,5,11,52,23,6,38,67,21
31-Mar-16,22,14,6,5,35,35,23,31,43,11
1-Apr-16,24,11,9,3,18,40,9,29,54,18
2-Apr-16,28,8,5,18,13,58,6,44,82,10
3-Apr-16,30,3,4,4,39,21,6,45,71,11
4-Apr-16,18,8,4,15,35,26,11,64,63,25
5-Apr-16,20,0,8,8,22,13,8,63,82,8
6-Apr-16,13,28,11,12,57,23,9,41,88,6
7-Apr-16,21,10,7,8,39,34,4,37,62,18
8-Apr-16,24,14,14,8,41,33,4,55,42,9
9-Apr-16,12,9,12,6,38,45,4,57,64,16
10-Apr-16,23,19,5,16,20,51,7,32,64,16
11-Apr-16,29,9,5,18,17,47,0,56,73,18
12-Apr-16,32,6,13,2,17,40,2,46,62,17
13-Apr-16,31,7,10,10,33,16,6,43,66,20
14-Apr-16,20,7,6,3,31,53,3,56,70,10
15-Apr-16,24,13,2,9,19,30,6,52,77,20
16-Apr-16,10,13,14,6,27,27,6,38,56,15
17-Apr-16,14,12,9,5,26,38,3,47,59,9
18-Apr-16,19,14,5,7,19,34,0,45,69,14
19-Apr-16,18,7,6,5,18,31,5,35,71,16
20-Apr-16,28,21,10,4,26,46,2,63,74,6
21-Apr-16,25,7,4,10,22,27,5,37,71,15
22-Apr-16,30,14,7,6,14,47,6,54,72,4
23-Apr-16,17,7,10,10,13,45,3,47,50,8
24-Apr-16,25,4,8,6,34,34,8,38,56,18
25-Apr-16,15,12,1,3,24,37,13,60,61,14
26-Apr-16,22,4,9,6,17,23,2,64,90,19
27-Apr-16,21,7,7,4,39,21,3,65,49,12
28-Apr-16,14,5,9,16,37,49,0,36,51,24
29-Apr-16,17,19,5,8,21,47,9,31,75,17
30-Apr-16,25,15,6,6,38,44,0,46,59,10
1-May-16,9,21,2,9,30,37,10,45,83,12
2-May-16,15,4,14,4,28,32,10,22,75,8
3-May-16,22,10,9,4,18,42,0,67,41,4
4-May-16,18,18,10,6,16,49,4,37,92,16
5-May-16,12,6,5,3,16,38,11,56,72,10
6-May-16,26,5,9,2,26,27,26,43,53,19
7-May-16,17,3,13,19,21,32,11,27,84,15
8-May-16,16,14,10,2,28,37,14,29,32,12
9-May-16,20,10,6,14,20,10,12,36,50,12
10-May-16,26,4,5,7,23,39,7,37,61,16
11-May-16,15,8,9,4,26,25,5,60,49,10
12-May-16,35,8,3,4,31,31,1,37,71,17
13-May-16,17,20,3,18,37,36,10,57,66,23
14-May-16,20,15,12,6,28,38,7,68,56,2
15-May-16,24,0,2,5,35,32,14,48,69,19
16-May-16,21,9,2,8,20,28,8,42,22,19
17-May-16,21,6,5,12,27,29,15,32,72,13
18-May-16,21,8,11,8,28,30,7,40,35,11
19-May-16,13,18,4,5,27,21,9,46,73,8
20-May-16,14,9,8,0,32,37,3,23,51,10
21-May-16,21,15,9,5,18,38,7,25,68,5
22-May-16,4,11,9,11,22,49,2,57,53,11
23-May-16,29,11,6,9,22,20,3,45,52,23
24-May-16,7,10,7,10,21,30,16,39,58,9
25-May-16,15,2,5,0,42,19,11,63,72,15
26-May-16,20,12,4,4,22,44,8,31,66,23
27-May-16,26,12,6,14,48,73,5,34,63,9
28-May-16,10,13,11,15,25,47,0,48,59,7
29-May-16,7,21,6,2,26,49,5,56,62,15
30-May-16,26,10,5,15,18,70,7,31,41,16
31-May-16,14,4,4,7,27,26,3,68,82,13
1-Jun-16,13,8,2,2,19,32,0,33,43,14
2-Jun-16,4,11,7,13,14,28,14,65,31,8
3-Jun-16,10,12,22,13,45,41,7,73,73,11
4-Jun-16,27,8,7,6,19,32,8,40,47,4
5-Jun-16,16,10,4,11,12,58,0,41,70,10
6-Jun-16,35,8,3,11,40,33,0,54,64,5
7-Jun-16,14,10,16,4,23,67,3,49,48,14
8-Jun-16,19,12,5,1,25,49,7,54,45,11
9-Jun-16,8,5,6,7,32,33,17,66,70,26
10-Jun-16,17,11,2,9,20,53,6,63,54,12
11-Jun-16,14,11,2,19,26,40,8,43,60,24
12-Jun-16,15,8,3,9,24,33,2,51,50,10
13-Jun-16,19,18,6,9,39,25,4,36,82,16
14-Jun-16,36,6,12,17,48,44,13,33,73,15
15-Jun-16,8,15,3,9,22,42,5,48,92,24
16-Jun-16,20,14,8,0,25,46,9,45,68,29
17-Jun-16,14,8,12,10,29,36,11,73,82,12
18-Jun-16,7,15,8,9,21,39,4,53,66,9
19-Jun-16,29,22,7,22,23,44,14,50,81,21
20-Jun-16,14,12,14,7,25,50,11,61,71,7
21-Jun-16,15,14,8,10,21,48,12,63,56,8
22-Jun-16,20,11,11,9,35,28,0,82,54,19
23-Jun-16,32,16,5,3,36,45,8,42,49,17
24-Jun-16,21,13,12,13,20,50,5,33,45,27
25-Jun-16,36,27,9,3,43,60,13,47,51,12
26-Jun-16,6,26,6,2,26,72,9,47,111,10
27-Jun-16,20,16,4,2,23,38,13,44,63,18
28-Jun-16,23,9,8,4,19,36,5,34,48,13
29-Jun-16,16,12,0,7,39,36,0,64,39,6
30-Jun-16,11,18,4,3,31,49,6,52,86,21
1-Jul-16,24,20,6,4,21,50,3,39,84,10
2-Jul-16,9,7,9,13,17,53,2,24,60,6
3-Jul-16,23,2,4,12,13,44,12,38,48,15
4-Jul-16,13,4,11,9,22,35,0,51,43,21
5-Jul-16,12,11,2,13,31,34,10,35,63,6
6-Jul-16,8,13,0,6,30,44,7,60,41,12
7-Jul-16,30,5,4,13,27,52,0,35,82,19
8-Jul-16,22,9,11,6,33,29,5,43,77,12
9-Jul-16,15,10,4,2,35,38,5,40,65,9
10-Jul-16,23,10,4,8,19,52,3,58,39,11
11-Jul-16,20,17,5,9,31,62,0,68,70,13
12-Jul-16,18,0,3,5,25,38,4,40,84,8
13-Jul-16,24,10,11,7,24,29,16,36,81,16
14-Jul-16,17,14,6,11,26,54,2,52,61,21
15-Jul-16,28,12,0,2,35,45,13,42,45,16
16-Jul-16,28,11,7,4,25,40,6,33,70,13
17-Jul-16,26,13,8,0,12,39,7,41,43,22
18-Jul-16,26,8,9,2,24,36,8,30,62,11
19-Jul-16,17,10,10,5,9,26,3,62,37,24
20-Jul-16,24,6,2,10,20,38,18,57,63,6
21-Jul-16,15,23,14,6,39,38,12,61,81,12
22-Jul-16,19,12,4,8,24,41,0,35,66,16
23-Jul-16,11,14,8,8,17,24,8,16,42,4
24-Jul-16,17,6,2,2,20,31,5,28,45,7
25-Jul-16,16,13,5,6,35,46,3,71,50,22
26-Jul-16,16,8,7,7,27,37,5,55,84,8
27-Jul-16,21,10,3,11,30,20,2,62,62,12
28-Jul-16,13,2,12,7,30,43,12,65,64,21
29-Jul-16,13,25,4,13,24,29,13,28,63,17
30-Jul-16,10,24,5,8,45,46,9,37,60,15
31-Jul-16,32,6,5,8,25,48,13,30,72,23
1-Aug-16,20,3,5,4,34,26,8,61,64,16
2-Aug-16,19,9,8,9,32,30,5,51,96,15
3-Aug-16,25,15,0,4,12,46,9,53,59,14
4-Aug-16,25,10,3,17,40,38,14,46,50,6
5-Aug-16,17,14,6,6,38,34,17,73,57,19
6-Aug-16,11,13,15,11,20,77,6,39,44,18
7-Aug-16,21,8,7,6,14,39,2,57,66,12
8-Aug-16,14,6,22,9,32,32,17,65,72,5
9-Aug-16,10,8,2,3,27,27,18,48,73,4
10-Aug-16,15,16,3,9,7,32,3,48,78,11
11-Aug-16,15,2,4,5,16,51,11,46,55,16
12-Aug-16,23,10,10,14,30,34,0,56,65,16
13-Aug-16,8,18,6,6,38,35,0,58,36,12
14-Aug-16,25,2,16,2,24,20,7,40,63,10
15-Aug-16,28,15,9,9,18,46,8,38,68,7
16-Aug-16,2,11,6,12,18,31,0,44,71,25
17-Aug-16,29,9,6,6,22,52,0,41,41,10
18-Aug-16,22,12,18,9,30,32,6,32,88,17
19-Aug-16,32,15,19,14,37,39,2,34,51,2
20-Aug-16,16,23,6,0,11,45,6,41,96,12
21-Aug-16,10,8,5,9,15,39,8,43,44,14
22-Aug-16,10,7,8,4,14,30,4,62,48,27
23-Aug-16,28,5,9,6,26,33,6,34,65,23
24-Aug-16,6,13,4,5,38,44,3,65,81,13
25-Aug-16,8,14,5,10,22,35,12,50,54,11
26-Aug-16,26,12,8,2,41,50,10,27,57,5
27-Aug-16,14,5,10,9,25,44,5,53,67,15
28-Aug-16,21,12,5,10,23,29,3,45,39,29
29-Aug-16,18,12,1,15,31,28,5,37,59,6
30-Aug-16,13,12,2,12,15,47,15,42,83,15
31-Aug-16,15,8,9,14,25,17,8,33,91,17
1-Sep-16,15,7,0,10,33,47,14,44,61,13
2-Sep-16,15,8,19,6,38,57,13,55,97,22
3-Sep-16,21,11,4,18,35,27,3,46,68,6
4-Sep-16,18,3,9,9,23,47,3,20,55,30
5-Sep-16,16,12,10,4,19,39,4,30,62,24
6-Sep-16,29,23,11,12,25,52,0,49,82,12
7-Sep-16,24,5,6,4,24,53,2,44,79,13
8-Sep-16,38,10,6,4,27,39,12,42,54,12
9-Sep-16,20,6,2,8,25,47,7,45,45,16
10-Sep-16,27,14,9,6,30,43,3,51,64,18
11-Sep-16,20,12,8,5,26,29,5,34,61,22
12-Sep-16,19,9,7,14,15,42,3,42,72,17
13-Sep-16,25,13,2,0,35,51,7,41,47,4
14-Sep-16,31,4,6,14,41,31,7,47,50,11
15-Sep-16,29,10,2,6,35,29,12,57,67,12
16-Sep-16,27,6,7,9,15,65,5,38,82,10
17-Sep-16,19,15,7,4,38,40,5,50,68,12
18-Sep-16,20,15,14,22,38,58,7,50,78,13
19-Sep-16,43,9,6,14,51,43,8,47,58,15
20-Sep-16,13,6,6,3,27,53,1,33,70,19
21-Sep-16,7,7,2,9,33,49,8,51,79,16
22-Sep-16,17,7,7,6,23,26,13,43,96,12
23-Sep-16,24,9,8,8,40,71,7,20,68,13
24-Sep-16,25,13,8,8,33,51,14,56,71,20
25-Sep-16,14,25,10,8,34,71,9,67,56,25
26-Sep-16,19,5,10,6,30,52,6,50,69,22
27-Sep-16,11,10,3,15,24,18,10,28,55,15
28-Sep-16,12,8,21,2,39,38,10,68,47,20
29-Sep-16,12,7,1,10,25,42,5,37,50,18
30-Sep-16,11,2,3,11,29,26,7,51,56,14
1-Oct-16,23,2,10,13,33,61,0,67,84,15
2-Oct-16,23,12,11,15,12,34,13,59,60,18
3-Oct-16,21,18,4,11,25,42,12,58,62,4
4-Oct-16,19,1,10,4,29,24,11,53,67,33
5-Oct-16,23,17,5,7,25,44,11,53,87,25
6-Oct-16,20,4,7,8,16,46,20,50,66,18
7-Oct-16,25,14,11,5,15,60,4,65,77,8
8-Oct-16,23,9,28,16,44,56,1,72,72,18
9-Oct-16,13,4,8,11,8,58,3,24,64,19
10-Oct-16,17,11,9,8,21,62,15,35,57,28
11-Oct-16,21,11,12,7,41,29,7,44,60,6
12-Oct-16,23,13,9,6,26,45,3,53,48,9
13-Oct-16,22,8,10,5,10,21,4,37,70,25
14-Oct-16,15,16,7,9,18,22,5,26,82,13
15-Oct-16,10,10,6,6,11,21,7,36,74,10
16-Oct-16,31,9,5,4,16,35,13,34,59,10
17-Oct-16,37,13,4,6,27,33,3,44,43,24
18-Oct-16,24,11,8,7,23,29,8,38,65,19
19-Oct-16,19,4,3,13,28,32,2,43,61,28
20-Oct-16,14,14,23,17,29,39,13,57,53,19
21-Oct-16,23,20,20,7,19,47,0,58,66,15
22-Oct-16,13,10,0,2,13,24,2,35,80,14
23-Oct-16,26,11,5,2,18,34,11,43,50,4
24-Oct-16,29,5,6,10,31,15,2,31,57,16
25-Oct-16,17,11,8,7,17,24,17,47,70,11
26-Oct-16,38,11,4,8,24,73,2,50,83,21
27-Oct-16,18,16,10,10,21,28,4,49,73,9
28-Oct-16,23,11,14,3,21,51,7,59,79,12
29-Oct-16,23,15,6,4,29,51,5,48,61,13
30-Oct-16,16,23,3,7,27,43,5,36,83,19
31-Oct-16,18,14,3,12,23,44,13,35,62,29
1-Nov-16,25,6,25,5,32,19,12,59,96,18
2-Nov-16,20,17,10,6,38,49,10,44,80,16
3-Nov-16,29,5,15,11,39,54,9,59,89,8
4-Nov-16,15,14,18,4,40,41,2,90,93,19
5-Nov-16,12,7,6,16,24,75,6,50,83,14
6-Nov-16,24,8,10,8,16,46,8,56,101,26
7-Nov-16,20,9,8,4,6,30,4,70,92,16
8-Nov-16,18,14,6,14,48,48,10,47,36,11
9-Nov-16,26,2,2,18,41,46,7,52,68,19
10-Nov-16,24,6,5,6,37,45,4,61,59,13
11-Nov-16,46,13,7,9,32,67,7,52,58,9
12-Nov-16,13,21,16,5,26,51,6,19,46,28
13-Nov-16,19,1,6,4,33,38,5,49,68,12
14-Nov-16,26,9,4,12,15,26,3,62,54,11
15-Nov-16,27,15,6,4,21,35,9,57,56,6
16-Nov-16,22,9,10,8,22,58,1,48,77,7
17-Nov-16,20,2,0,13,17,31,7,65,56,17
18-Nov-16,32,8,6,5,49,35,5,34,89,30
19-Nov-16,30,6,10,10,38,37,7,51,67,13
20-Nov-16,17,9,7,11,20,55,4,28,50,23
21-Nov-16,51,9,2,5,39,52,7,41,64,14
22-Nov-16,35,10,0,12,32,32,12,42,44,14
23-Nov-16,16,2,0,8,17,26,6,38,50,7
24-Nov-16,29,10,2,14,16,17,0,31,35,11
25-Nov-16,17,8,9,10,36,29,3,34,53,13
26-Nov-16,22,14,12,11,12,21,2,34,60,11
27-Nov-16,28,6,13,0,19,31,5,46,30,7
28-Nov-16,22,8,3,2,28,46,0,46,87,15
29-Nov-16,19,20,2,9,22,12,6,51,61,9
30-Nov-16,17,8,9,17,29,53,6,25,59,15
1-Dec-16,24,12,14,18,34,22,23,48,55,17
2-Dec-16,34,17,5,16,41,34,5,73,76,27
3-Dec-16,27,12,5,5,27,41,3,64,85,7
4-Dec-16,23,11,10,6,19,35,8,48,82,20
5-Dec-16,14,4,17,5,44,28,15,63,80,13
6-Dec-16,18,9,14,11,31,57,18,47,69,13
7-Dec-16,20,9,9,5,27,50,15,45,58,11
8-Dec-16,5,22,17,6,20,40,3,70,59,10
9-Dec-16,32,17,19,9,41,41,6,56,100,28
10-Dec-16,19,24,18,15,40,44,8,61,67,13
11-Dec-16,29,2,24,3,31,53,5,58,62,14
12-Dec-16,29,26,11,18,37,33,15,51,52,12
13-Dec-16,35,6,10,14,40,50,8,46,59,17
14-Dec-16,19,20,6,7,36,49,8,52,62,20
15-Dec-16,26,19,16,0,27,32,15,35,66,15
16-Dec-16,40,19,26,2,17,35,3,62,86,4
17-Dec-16,21,16,7,15,53,23,7,62,47,13
18-Dec-16,20,14,7,4,37,48,1,36,37,10
19-Dec-16,18,5,5,11,37,27,13,46,63,13
20-Dec-16,30,12,16,0,32,21,17,36,65,15
21-Dec-16,16,9,10,5,38,39,12,52,67,9
22-Dec-16,30,16,7,12,27,50,9,32,64,21
23-Dec-16,39,14,16,7,38,44,8,36,67,15
24-Dec-16,27,17,2,12,23,30,9,34,59,11
25-Dec-16,24,6,2,11,16,19,6,40,45,15
26-Dec-16,21,12,12,13,15,22,5,35,57,7
27-Dec-16,10,5,14,10,16,41,0,49,85,9
28-Dec-16,15,13,9,19,23,37,2,62,78,19
29-Dec-16,23,12,8,13,25,29,5,43,86,13
30-Dec-16,23,22,7,14,48,48,14,58,64,15
31-Dec-16,13,15,10,6,21,41,18,40,64,15
1-Jan-17,36,17,9,13,36,65,11,62,98,10
2-Jan-17,24,15,15,10,15,34,10,56,78,8
3-Jan-17,12,16,6,13,32,39,5,52,104,33
4-Jan-17,17,14,11,15,23,45,11,52,83,19
5-Jan-17,18,5,8,13,40,36,8,77,81,27
6-Jan-17,28,7,3,17,36,39,8,69,54,7
7-Jan-17,34,10,10,15,18,65,6,53,56,21
8-Jan-17,36,4,11,11,17,27,11,45,75,6
9-Jan-17,26,6,13,5,41,53,8,46,61,17
10-Jan-17,27,5,9,4,20,32,14,53,78,30
11-Jan-17,12,17,7,19,30,46,2,66,59,13
12-Jan-17,28,19,4,12,13,42,6,46,80,20
13-Jan-17,23,11,9,12,35,49,4,60,64,12
14-Jan-17,42,13,9,7,19,36,6,30,77,14
15-Jan-17,10,4,4,12,30,53,3,38,68,22
16-Jan-17,17,7,12,17,20,42,9,51,59,20
17-Jan-17,13,15,11,7,43,46,15,45,56,4
18-Jan-17,25,8,15,10,37,28,9,48,46,20
19-Jan-17,17,10,10,14,24,51,12,33,53,15
20-Jan-17,17,8,0,5,29,29,8,39,38,18
21-Jan-17,25,10,0,4,32,45,0,39,68,22
22-Jan-17,21,4,4,10,16,25,4,39,67,12
23-Jan-17,23,15,17,13,29,36,3,49,72,19
24-Jan-17,31,10,12,13,29,38,6,35,62,25
25-Jan-17,33,6,6,9,22,36,15,63,71,11
26-Jan-17,23,8,21,17,29,38,9,38,80,10
27-Jan-17,19,5,0,8,24,63,7,63,70,10
28-Jan-17,24,7,3,12,22,32,7,51,70,26
29-Jan-17,18,4,4,10,18,44,2,51,47,25
30-Jan-17,27,6,0,11,8,40,13,60,59,8
31-Jan-17,13,14,7,6,15,36,3,21,76,21
1-Feb-17,15,7,14,13,21,54,5,40,76,16
2-Feb-17,29,8,13,8,28,23,13,46,100,19
3-Feb-17,28,12,8,9,34,38,1,71,72,25
4-Feb-17,21,11,12,10,26,59,9,47,98,29
5-Feb-17,23,22,4,15,18,41,18,52,67,12
6-Feb-17,34,8,4,7,35,45,1,39,64,5
7-Feb-17,30,4,11,3,17,42,4,71,65,12
8-Feb-17,26,9,15,8,20,35,8,49,74,19
9-Feb-17,25,14,6,9,27,35,3,45,61,22
10-Feb-17,25,11,15,4,43,69,4,54,80,25
11-Feb-17,20,2,12,17,33,38,13,43,72,10
12-Feb-17,29,9,10,18,21,34,2,40,83,16
13-Feb-17,21,4,0,13,20,38,7,58,74,19
14-Feb-17,27,7,9,6,28,34,12,63,55,11
15-Feb-17,27,4,2,17,23,43,4,51,69,17
16-Feb-17,17,11,11,22,17,34,6,32,71,7
17-Feb-17,24,11,4,7,32,33,7,45,63,5
18-Feb-17,31,15,10,0,15,37,9,50,83,14
19-Feb-17,16,18,6,12,31,25,12,55,68,15
20-Feb-17,16,8,3,12,15,48,5,51,52,25
21-Feb-17,25,8,6,15,29,48,1,77,83,18
22-Feb-17,15,11,14,9,28,43,1,43,56,14
23-Feb-17,13,13,6,8,37,30,4,39,51,19
24-Feb-17,26,14,15,23,28,37,4,55,47,8
25-Feb-17,36,14,6,17,38,22,3,39,68,6
26-Feb-17,21,10,2,6,19,31,3,27,48,14
27-Feb-17,16,15,9,9,26,40,0,61,39,12
28-Feb-17,39,17,17,10,32,37,0,63,43,12
1-Mar-17,8,12,8,16,25,34,6,54,56,10
2-Mar-17,29,21,14,11,27,25,12,62,46,6
3-Mar-17,27,14,13,6,24,66,9,49,81,8
4-Mar-17,23,4,5,6,12,43,0,37,51,10
5-Mar-17,12,9,13,15,13,48,11,30,46,18
6-Mar-17,23,11,7,10,21,53,10,51,69,8
7-Mar-17,33,6,15,6,12,53,0,57,50,8
8-Mar-17,28,13,8,18,19,41,14,49,71,11
9-Mar-17,30,8,2,18,29,37,6,36,76,17
10-Mar-17,22,7,12,12,36,43,3,54,101,5
11-Mar-17,18,12,21,9,27,44,7,56,81,6
12-Mar-17,21,14,7,7,19,31,2,36,71,7
13-Mar-17,19,11,6,14,16,45,11,68,69,9
14-Mar-17,18,19,8,2,40,59,3,55,76,13
15-Mar-17,23,5,4,6,22,31,4,46,62,12
16-Mar-17,23,14,2,9,61,41,6,45,103,7
17-Mar-17,27,17,9,12,34,75,13,42,102,6
18-Mar-17,7,13,12,7,22,50,9,50,97,19
19-Mar-17,19,11,7,7,26,48,8,34,57,11
20-Mar-17,20,13,7,11,28,39,12,59,84,20
21-Mar-17,25,19,9,3,25,52,5,54,82,4
22-Mar-17,22,4,6,13,20,53,7,46,76,16
23-Mar-17,12,10,5,14,38,47,6,50,67,10
24-Mar-17,18,5,4,18,47,27,1,54,79,15
25-Mar-17,19,9,5,9,27,39,9,44,72,6
26-Mar-17,28,14,2,11,21,41,6,53,64,22
27-Mar-17,34,19,5,14,26,35,12,47,51,20
28-Mar-17,18,11,7,7,21,37,14,53,78,10
29-Mar-17,16,4,4,15,28,43,12,56,91,18
30-Mar-17,10,9,2,5,32,40,4,39,78,15
31-Mar-17,25,19,14,12,41,55,4,52,54,13
1-Apr-17,17,17,4,14,21,36,3,53,70,7
2-Apr-17,18,23,7,21,21,36,5,59,72,24
3-Apr-17,25,19,9,7,28,23,3,70,58,8
4-Apr-17,16,0,3,9,28,46,6,40,82,18
5-Apr-17,24,18,14,0,23,25,1,47,112,6
6-Apr-17,21,16,12,18,23,38,12,41,86,19
7-Apr-17,32,12,10,2,33,25,5,75,68,12
8-Apr-17,21,18,6,3,19,27,6,37,68,33
9-Apr-17,19,10,6,8,9,35,2,48,54,17
10-Apr-17,19,9,6,13,54,38,14,59,89,28
11-Apr-17,16,9,10,12,23,36,6,60,59,5
12-Apr-17,21,15,0,9,32,44,9,67,86,4
13-Apr-17,35,7,4,1,37,44,6,52,86,14
14-Apr-17,15,12,17,9,33,45,9,43,61,7
15-Apr-17,27,12,7,10,28,35,7,39,72,24
16-Apr-17,22,16,3,12,16,32,1,35,51,14
17-Apr-17,33,4,15,10,22,23,15,46,67,5
18-Apr-17,13,8,9,15,28,40,4,53,96,15
19-Apr-17,28,13,12,14,20,63,11,32,53,13
20-Apr-17,17,14,5,7,46,50,6,57,59,17
21-Apr-17,24,15,9,3,28,35,1,37,79,16
22-Apr-17,19,13,8,8,37,27,2,31,70,7
23-Apr-17,21,21,6,3,26,42,10,65,86,4
24-Apr-17,26,4,12,7,24,48,5,50,69,18
25-Apr-17,21,17,8,9,18,30,2,54,41,17
26-Apr-17,19,10,2,2,35,44,11,45,80,16
27-Apr-17,26,2,6,0,43,65,9,45,74,14
28-Apr-17,12,4,12,6,34,20,8,31,85,20
29-Apr-17,17,16,4,9,42,51,6,64,50,20
30-Apr-17,26,16,8,20,28,55,5,44,53,4
1-May-17,50,3,7,6,36,59,6,55,87,19
2-May-17,26,12,3,15,33,54,5,84,57,16
3-May-17,24,15,7,11,27,41,8,78,82,8
4-May-17,17,23,7,4,40,42,2,80,95,19
5-May-17,38,0,7,9,34,51,7,47,80,8
6-May-17,13,19,6,5,25,48,13,63,59,19
7-May-17,11,10,6,9,37,45,5,39,67,18
8-May-17,22,15,21,6,25,41,2,65,85,12
9-May-17,8,20,5,15,34,37,4,41,73,12
10-May-17,23,10,18,10,35,52,0,57,54,9
11-May-17,17,5,12,16,21,27,3,54,48,20
12-May-17,15,19,6,4,36,37,0,66,84,15
13-May-17,27,7,4,10,19,27,7,39,63,18
14-May-17,15,16,9,9,28,52,6,35,50,28
15-May-17,9,7,6,16,40,30,2,34,96,15
16-May-17,13,8,3,4,30,32,8,36,67,13
17-May-17,17,31,7,6,32,39,14,55,67,12
18-May-17,16,14,30,13,29,39,9,36,43,22
19-May-17,23,22,7,2,29,52,12,47,41,14
20-May-17,19,36,7,5,38,59,9,36,50,12
21-May-17,16,17,12,15,39,36,11,57,82,16
22-May-17,22,11,5,13,50,51,3,44,53,5
23-May-17,23,14,2,6,42,44,10,37,67,18
24-May-17,11,26,5,11,38,48,3,59,48,17
25-May-17,21,11,21,9,46,58,14,56,71,16
26-May-17,16,15,18,10,46,37,4,43,79,15
27-May-17,18,16,10,2,22,42,8,35,41,7
28-May-17,23,18,2,10,17,53,19,60,53,15
29-May-17,11,11,6,12,22,40,2,34,66,22
30-May-17,25,5,9,2,23,30,17,41,53,12
31-May-17,12,6,8,7,26,46,3,55,74,18
1-Jun-17,31,25,4,5,39,38,13,54,60,13
2-Jun-17,23,4,2,8,25,39,11,73,74,21
3-Jun-17,19,13,6,6,36,44,3,42,56,12
4-Jun-17,11,9,2,14,25,35,4,47,52,9
5-Jun-17,17,14,6,11,37,46,2,44,87,8
6-Jun-17,31,10,3,5,12,27,6,30,70,20
7-Jun-17,10,5,2,10,27,53,0,21,76,4
8-Jun-17,25,11,11,6,40,31,6,69,75,8
9-Jun-17,27,18,2,9,35,51,0,44,55,10
10-Jun-17,24,16,9,12,36,44,6,59,51,6
11-Jun-17,30,21,5,0,36,37,4,41,39,7
12-Jun-17,7,14,7,14,30,50,4,40,77,22
13-Jun-17,25,19,3,8,31,50,4,40,55,22
14-Jun-17,15,13,8,6,31,89,0,52,68,17
15-Jun-17,26,10,15,7,23,72,9,51,63,30
16-Jun-17,24,15,5,10,48,38,4,47,75,10
17-Jun-17,19,21,5,9,32,53,5,60,29,9
18-Jun-17,10,11,11,6,17,57,9,56,70,24
19-Jun-17,18,7,3,14,19,71,4,51,85,14
20-Jun-17,10,10,10,12,16,36,0,63,75,4
21-Jun-17,8,15,3,13,30,53,0,48,67,18
22-Jun-17,18,1,3,11,40,61,6,60,79,17
23-Jun-17,29,21,4,2,32,60,3,46,70,15
24-Jun-17,14,33,2,7,53,50,14,49,78,16
25-Jun-17,10,47,9,17,33,55,6,75,71,12
26-Jun-17,36,13,8,12,26,39,7,60,96,14
27-Jun-17,25,21,14,10,32,37,4,44,85,7
28-Jun-17,24,12,15,10,10,26,4,53,61,28
29-Jun-17,10,7,6,13,29,39,2,41,49,5
30-Jun-17,13,7,7,16,32,51,3,57,52,33
1-Jul-17,27,14,2,0,20,27,2,27,81,8
2-Jul-17,28,21,5,7,25,47,6,32,57,21
3-Jul-17,22,22,6,7,18,36,5,29,82,9
4-Jul-17,24,18,2,4,8,30,0,41,36,18
5-Jul-17,13,8,8,8,29,34,4,22,60,15
6-Jul-17,17,4,7,11,30,22,5,50,43,9
7-Jul-17,14,10,11,3,34,32,10,55,112,17
8-Jul-17,19,13,8,11,24,44,0,52,70,10
9-Jul-17,21,11,4,11,22,64,2,42,84,16
10-Jul-17,27,25,10,6,28,40,3,33,72,17
11-Jul-17,20,21,11,5,26,29,6,40,65,18
12-Jul-17,27,33,3,7,32,34,2,49,63,14
13-Jul-17,13,5,6,3,30,23,0,71,38,18
14-Jul-17,19,10,17,16,36,34,5,42,80,19
15-Jul-17,28,28,10,7,20,62,2,47,48,5
16-Jul-17,22,11,11,16,29,62,9,60,52,5
17-Jul-17,25,13,7,12,20,41,4,50,50,2
18-Jul-17,19,4,12,14,28,33,10,32,58,12
19-Jul-17,18,9,10,6,24,45,6,36,59,25
20-Jul-17,13,14,8,7,43,26,0,50,71,14
21-Jul-17,22,12,4,7,38,44,9,55,74,9
22-Jul-17,25,26,11,11,27,47,7,41,83,21
23-Jul-17,21,13,5,16,26,35,4,29,58,16
24-Jul-17,17,4,1,7,27,41,11,41,52,20
25-Jul-17,15,13,10,8,27,24,2,43,73,17
26-Jul-17,14,9,11,2,17,36,5,43,110,14
27-Jul-17,24,3,3,9,25,19,6,45,70,13
28-Jul-17,32,20,7,2,19,44,4,54,72,19
29-Jul-17,14,4,5,8,42,18,6,58,56,8
30-Jul-17,24,36,11,12,17,46,4,48,74,20
31-Jul-17,7,5,15,5,22,21,2,47,62,9
1-Aug-17,31,6,11,6,33,36,8,47,82,9
2-Aug-17,18,6,2,13,32,22,1,55,72,6
3-Aug-17,17,20,4,18,45,56,5,54,82,20
4-Aug-17,15,24,2,6,17,41,6,50,65,9
5-Aug-17,35,22,9,3,18,34,4,41,53,7
6-Aug-17,13,7,1,7,21,21,10,37,68,8
7-Aug-17,22,6,2,14,11,35,4,38,58,9
8-Aug-17,21,22,2,11,24,32,2,49,57,12
9-Aug-17,10,10,6,7,26,25,6,48,76,13
10-Aug-17,21,11,4,12,28,27,7,53,66,15
11-Aug-17,14,9,5,4,35,29,2,88,61,11
12-Aug-17,11,10,3,5,14,32,2,35,63,23
13-Aug-17,17,4,9,6,18,55,10,40,48,9
14-Aug-17,18,8,11,9,22,41,5,37,49,12
15-Aug-17,23,10,3,4,10,44,14,51,52,30
16-Aug-17,14,15,0,3,23,50,15,45,62,15
17-Aug-17,21,12,14,3,28,55,17,49,68,26
18-Aug-17,12,13,10,12,19,57,5,36,74,14
19-Aug-17,26,11,10,8,33,44,2,38,80,6
20-Aug-17,25,13,10,4,19,41,4,60,76,11
21-Aug-17,20,16,4,5,27,55,8,39,54,10
22-Aug-17,19,7,6,2,28,42,5,60,76,20
23-Aug-17,17,2,10,8,22,46,9,48,77,14
24-Aug-17,15,3,3,6,37,21,8,43,68,10
25-Aug-17,18,14,2,7,19,44,0,32,59,16
26-Aug-17,17,7,11,8,22,53,12,31,68,14
27-Aug-17,13,8,5,14,14,57,4,39,58,7
28-Aug-17,12,5,8,8,15,36,8,40,60,4
29-Aug-17,9,14,3,12,12,43,6,44,49,10
30-Aug-17,31,8,5,7,24,24,6,42,60,25
31-Aug-17,17,9,10,0,30,42,11,72,63,15
1-Sep-17,33,33,22,27,37,85,13,101,149,14
2-Sep-17,39,13,13,36,33,65,10,90,136,20
3-Sep-17,32,11,11,13,30,71,1,63,90,14
4-Sep-17,15,13,9,16,25,32,10,62,80,7
5-Sep-17,16,10,8,13,17,62,7,39,69,15
6-Sep-17,22,27,7,5,26,41,6,88,78,12
7-Sep-17,26,21,3,13,20,45,11,54,45,13
8-Sep-17,5,5,7,8,30,34,6,52,67,16
9-Sep-17,28,38,0,7,28,38,9,35,78,12
10-Sep-17,39,8,15,7,20,45,2,51,59,12
11-Sep-17,20,5,6,2,24,49,8,49,53,11
12-Sep-17,23,7,9,5,29,43,4,67,62,11
13-Sep-17,9,6,5,7,19,35,2,37,55,11
14-Sep-17,21,6,2,8,41,36,5,41,46,21
15-Sep-17,17,14,2,12,42,27,4,61,74,6
16-Sep-17,26,2,2,12,23,47,3,38,54,7
17-Sep-17,29,3,1,10,16,61,5,41,59,16
18-Sep-17,23,8,12,2,32,38,6,42,58,20
19-Sep-17,12,10,2,15,34,31,17,42,70,26
20-Sep-17,26,4,5,6,24,32,10,73,79,13
21-Sep-17,15,7,0,6,25,39,8,40,60,11
22-Sep-17,10,6,6,5,32,35,4,38,49,13
23-Sep-17,28,12,4,5,14,46,9,41,71,15
24-Sep-17,18,15,4,3,24,32,4,60,47,21
25-Sep-17,13,4,9,7,21,33,1,31,46,18
26-Sep-17,27,7,4,4,27,36,10,41,76,11
27-Sep-17,21,5,7,14,31,37,4,50,83,15
28-Sep-17,13,10,8,12,30,38,10,59,93,11
29-Sep-17,15,0,4,5,40,19,14,50,76,8
30-Sep-17,24,21,6,22,19,33,3,66,45,12
1-Oct-17,11,2,6,7,22,40,5,67,52,14
2-Oct-17,10,7,11,8,15,38,5,56,55,21
3-Oct-17,13,6,9,8,17,27,1,44,67,15
4-Oct-17,23,10,2,8,37,27,1,31,72,11
5-Oct-17,22,13,6,9,19,33,11,51,75,20
6-Oct-17,21,28,5,3,37,34,5,57,67,4
7-Oct-17,31,11,5,7,26,47,2,49,55,21
8-Oct-17,20,4,2,8,18,51,10,38,71,10
9-Oct-17,24,6,7,15,30,52,11,60,50,25
10-Oct-17,28,7,7,9,30,31,0,32,51,21
11-Oct-17,13,6,2,5,29,25,7,51,53,8
12-Oct-17,10,5,6,4,33,39,6,45,68,12
13-Oct-17,27,4,9,4,14,33,10,53,63,16
14-Oct-17,29,7,4,9,24,52,11,43,46,11
15-Oct-17,22,7,2,13,12,35,7,50,63,12
16-Oct-17,19,14,0,2,20,45,7,78,56,36
17-Oct-17,14,10,2,5,37,33,4,59,55,14
18-Oct-17,26,12,2,5,37,51,0,22,51,17
19-Oct-17,18,5,5,20,19,40,14,48,51,18
20-Oct-17,23,9,2,4,22,23,6,35,49,9
21-Oct-17,27,20,10,8,44,51,5,36,69,16
22-Oct-17,18,2,2,4,15,27,1,50,37,16
23-Oct-17,17,23,11,17,28,51,4,45,60,5
24-Oct-17,14,13,6,8,17,65,9,72,58,16
25-Oct-17,22,2,3,5,27,56,8,58,45,12
26-Oct-17,27,12,8,11,18,28,5,48,68,16
27-Oct-17,20,9,5,9,33,59,12,51,69,35
28-Oct-17,40,18,10,11,17,55,8,43,42,13
29-Oct-17,38,14,7,4,31,20,3,46,59,18
30-Oct-17,23,6,2,3,26,26,9,59,64,6
31-Oct-17,18,6,6,4,28,35,9,48,56,17
1-Nov-17,21,26,2,13,36,41,9,47,59,16
2-Nov-17,23,15,5,2,20,41,7,30,54,25
3-Nov-17,17,9,10,4,29,39,8,52,86,12
4-Nov-17,28,16,4,6,28,56,6,38,66,9
5-Nov-17,16,8,1,6,9,31,4,41,63,16
6-Nov-17,31,9,13,12,27,39,0,66,62,19
7-Nov-17,12,5,9,0,39,26,2,39,55,25
8-Nov-17,31,10,0,10,23,42,6,50,45,15
9-Nov-17,31,19,4,4,30,45,16,55,56,11
10-Nov-17,20,9,4,8,23,41,3,43,78,9
11-Nov-17,17,8,6,7,42,48,9,46,68,14
12-Nov-17,19,17,9,8,22,35,6,51,69,14
13-Nov-17,17,20,7,5,26,36,3,60,79,12
14-Nov-17,17,4,4,13,28,27,8,45,45,9
15-Nov-17,18,12,6,9,11,35,2,58,76,7
16-Nov-17,6,14,3,8,25,26,8,41,59,20
17-Nov-17,12,11,8,3,36,30,7,76,62,18
18-Nov-17,39,11,2,8,26,40,10,53,80,9
19-Nov-17,13,8,16,6,40,28,4,30,58,0
20-Nov-17,32,8,10,4,22,38,7,35,50,14
21-Nov-17,30,5,10,11,4,34,15,37,64,9
22-Nov-17,35,5,13,16,26,27,2,56,72,13
23-Nov-17,22,6,2,6,15,26,3,10,61,7
24-Nov-17,10,7,5,7,30,37,2,35,71,14
25-Nov-17,25,11,9,16,21,23,2,46,49,9
26-Nov-17,20,7,5,6,20,30,4,48,76,10
27-Nov-17,32,3,7,16,30,30,2,44,96,6
28-Nov-17,28,4,11,8,17,24,10,47,65,24
29-Nov-17,4,2,4,6,42,43,6,45,64,22
30-Nov-17,20,5,2,3,9,36,4,29,69,21
1-Dec-17,22,6,4,12,23,24,11,50,76,5
2-Dec-17,25,13,6,6,21,53,7,39,59,9
3-Dec-17,11,6,8,4,23,32,2,50,28,15
4-Dec-17,18,12,3,13,23,18,8,23,70,9
5-Dec-17,18,8,7,8,33,40,7,48,50,5
6-Dec-17,13,10,8,6,47,26,2,27,64,12
7-Dec-17,16,2,4,6,29,39,8,44,46,13
8-Dec-17,27,12,6,6,21,52,8,51,62,15
9-Dec-17,9,12,7,7,51,35,6,42,70,14
10-Dec-17,22,20,9,4,14,41,11,42,77,4
11-Dec-17,23,24,6,5,24,20,5,48,78,18
12-Dec-17,33,22,5,4,20,30,11,32,71,15
13-Dec-17,20,13,4,4,21,28,4,37,59,24
14-Dec-17,15,2,1,10,43,56,4,35,63,26
15-Dec-17,14,13,2,8,39,46,10,49,45,4
16-Dec-17,7,4,4,5,31,57,5,48,88,15
17-Dec-17,4,2,8,4,23,32,9,41,45,19
18-Dec-17,20,3,7,17,29,23,18,59,75,19
19-Dec-17,24,6,4,17,18,29,4,41,61,16
20-Dec-17,10,6,11,8,27,45,9,39,48,11
21-Dec-17,32,10,8,5,13,39,18,38,70,11
22-Dec-17,15,9,21,10,19,42,5,35,54,10
23-Dec-17,14,6,12,13,17,53,1,49,69,9
24-Dec-17,23,16,5,6,17,28,4,31,51,8
25-Dec-17,23,12,10,15,8,33,3,38,62,15
26-Dec-17,22,7,8,8,17,27,2,37,54,12
27-Dec-17,5,11,12,9,20,24,5,49,62,30
28-Dec-17,22,10,6,6,33,29,0,47,90,19
29-Dec-17,25,12,7,10,28,33,13,42,52,17
30-Dec-17,16,12,10,13,25,43,5,41,57,23
31-Dec-17,11,19,14,11,11,21,13,39,57,16
1-Jan-18,38,18,14,11,46,55,2,51,73,15
2-Jan-18,27,2,6,10,21,42,10,48,65,15
3-Jan-18,19,17,17,13,18,54,6,29,44,16
4-Jan-18,27,10,2,10,28,55,13,65,96,17
5-Jan-18,27,10,15,8,18,31,13,51,71,15
6-Jan-18,10,3,11,9,38,33,12,52,80,17
7-Jan-18,33,8,4,7,17,32,9,41,97,22
8-Jan-18,16,7,11,13,31,43,13,64,65,20
9-Jan-18,11,2,10,9,25,46,9,40,91,9
10-Jan-18,25,18,8,18,26,38,6,30,42,15
11-Jan-18,21,12,10,5,22,39,4,61,47,6
12-Jan-18,25,7,8,19,22,46,0,46,65,15
13-Jan-18,22,16,0,16,23,37,10,47,53,16
14-Jan-18,18,8,8,0,17,17,2,50,57,22
15-Jan-18,39,13,11,3,21,58,10,47,51,19
16-Jan-18,20,5,9,6,28,21,6,62,54,15
17-Jan-18,25,10,2,22,27,31,6,41,53,8
18-Jan-18,23,10,6,15,34,31,8,58,69,15
19-Jan-18,30,19,6,4,23,18,4,44,55,29
20-Jan-18,31,19,7,11,16,44,11,52,52,27
21-Jan-18,24,4,13,4,15,29,3,45,61,17
22-Jan-18,15,7,14,2,22,36,8,28,84,9
23-Jan-18,18,14,8,6,17,37,4,58,47,17
24-Jan-18,13,12,8,7,29,38,0,37,59,26
25-Jan-18,16,8,7,5,27,46,0,46,50,18
26-Jan-18,16,4,16,4,16,44,9,55,64,18
27-Jan-18,25,14,14,10,12,34,5,38,59,26
28-Jan-18,8,15,6,13,23,64,5,53,46,10
29-Jan-18,21,10,6,5,25,20,8,48,65,26
30-Jan-18,21,12,8,10,30,20,12,82,98,25
31-Jan-18,20,11,16,4,29,30,23,41,40,14
1-Feb-18,17,10,4,5,47,37,6,59,62,19
2-Feb-18,12,16,8,5,29,46,4,52,77,11
3-Feb-18,15,12,6,12,29,37,2,78,82,20
4-Feb-18,17,14,4,5,39,49,12,30,77,10
5-Feb-18,13,10,2,11,20,44,8,49,86,20
6-Feb-18,15,7,12,11,48,23,10,63,83,11
7-Feb-18,31,25,17,20,23,39,7,63,98,10
8-Feb-18,16,4,15,11,41,59,2,61,76,10
9-Feb-18,13,16,13,14,41,28,8,63,80,22
10-Feb-18,15,6,5,9,25,33,0,43,66,13
11-Feb-18,11,7,10,12,8,43,4,34,71,21
12-Feb-18,32,10,10,5,34,39,6,45,54,13
13-Feb-18,27,9,6,12,26,38,2,39,55,15
14-Feb-18,24,15,2,12,31,39,2,67,66,18
15-Feb-18,16,16,14,7,26,46,2,49,76,17
16-Feb-18,11,10,9,5,26,38,10,41,75,20
17-Feb-18,37,9,7,7,14,40,4,15,64,22
18-Feb-18,19,7,7,10,21,32,10,52,81,11
19-Feb-18,36,11,4,0,18,27,6,46,64,11
20-Feb-18,11,15,7,9,31,46,4,43,71,6
21-Feb-18,14,4,0,7,31,37,6,58,88,21
22-Feb-18,23,4,9,4,13,26,11,51,65,12
23-Feb-18,23,6,6,5,33,29,12,48,59,2
24-Feb-18,24,10,23,9,36,19,9,38,51,6
25-Feb-18,22,15,8,6,26,27,2,31,53,3
26-Feb-18,32,18,7,10,47,43,12,67,82,12
27-Feb-18,19,13,8,9,27,39,3,70,58,11
28-Feb-18,15,12,3,7,28,33,1,44,85,20
1-Mar-18,22,9,5,14,35,24,2,45,65,9
2-Mar-18,17,10,6,16,26,44,5,47,68,7
3-Mar-18,23,6,1,18,17,21,1,63,76,12
4-Mar-18,20,14,4,11,20,30,11,43,58,21
5-Mar-18,22,12,12,10,25,38,2,52,79,6
6-Mar-18,30,7,12,6,32,25,5,57,65,21
7-Mar-18,32,6,2,9,23,42,2,77,85,11
8-Mar-18,29,5,2,9,38,37,6,50,79,6
9-Mar-18,18,10,9,14,34,40,12,40,55,19
10-Mar-18,21,17,5,17,39,25,6,57,60,14
11-Mar-18,8,10,12,20,20,30,6,42,51,18
12-Mar-18,10,10,7,13,22,43,8,47,87,16
13-Mar-18,15,16,3,9,26,41,0,60,64,3
14-Mar-18,18,6,2,11,23,50,10,54,54,13
15-Mar-18,14,9,4,21,28,44,3,46,90,15
16-Mar-18,14,11,15,20,39,49,10,35,70,20
17-Mar-18,14,19,14,9,16,50,5,55,74,15
18-Mar-18,13,8,2,11,13,39,8,44,48,9
19-Mar-18,29,5,10,8,39,51,1,54,48,10
20-Mar-18,24,5,4,2,14,53,7,36,59,23
21-Mar-18,25,5,6,27,38,34,2,61,88,23
22-Mar-18,9,5,14,10,16,42,5,42,85,14
23-Mar-18,36,14,17,21,17,41,5,53,63,18
24-Mar-18,12,6,6,14,25,44,2,29,55,17
25-Mar-18,20,8,6,11,19,42,8,48,39,10
26-Mar-18,10,15,12,8,49,31,3,76,85,12
27-Mar-18,27,13,6,2,41,33,4,60,74,5
28-Mar-18,16,12,15,2,42,53,5,45,41,9
29-Mar-18,20,13,8,8,35,44,10,55,66,4
30-Mar-18,11,12,4,14,38,66,7,56,54,21
31-Mar-18,31,22,6,8,21,43,10,62,86,13
1-Apr-18,20,9,6,12,37,34,1,51,58,25
2-Apr-18,15,3,6,4,32,32,13,52,76,10
3-Apr-18,28,8,4,15,26,37,0,52,54,14
4-Apr-18,12,6,2,9,25,56,3,55,79,19
5-Apr-18,14,4,2,6,21,46,2,60,73,4
6-Apr-18,24,8,0,8,21,40,8,47,70,13
7-Apr-18,10,3,7,10,25,21,7,41,51,18
8-Apr-18,10,8,4,3,32,50,10,45,47,8
9-Apr-18,32,4,8,22,24,32,3,50,99,13
10-Apr-18,16,16,7,6,18,42,5,34,78,27
11-Apr-18,27,14,14,9,18,32,0,37,70,9
12-Apr-18,18,11,6,7,27,47,4,50,69,9
13-Apr-18,28,16,5,9,29,35,4,48,52,9
14-Apr-18,41,2,4,11,26,58,8,58,35,10
15-Apr-18,14,23,9,8,17,27,0,37,46,10
16-Apr-18,20,3,7,16,22,37,4,48,58,15
17-Apr-18,22,8,2,11,33,35,12,38,59,17
18-Apr-18,27,7,4,14,25,34,4,51,97,9
19-Apr-18,23,7,6,9,19,55,8,52,55,14
20-Apr-18,21,10,10,2,38,56,6,68,60,12
21-Apr-18,21,10,7,16,19,47,5,52,61,5
22-Apr-18,28,20,3,11,16,38,8,46,90,22
23-Apr-18,13,13,13,3,26,44,0,38,101,21
24-Apr-18,17,6,5,7,38,35,16,50,63,15
25-Apr-18,11,14,6,14,27,42,6,29,86,18
26-Apr-18,18,8,7,9,46,32,4,48,64,17
27-Apr-18,27,10,4,6,37,45,12,63,61,11
28-Apr-18,23,2,2,16,31,39,14,58,74,19
29-Apr-18,29,10,6,5,27,40,0,49,89,10
30-Apr-18,13,6,6,8,26,26,3,74,61,6
1-May-18,29,8,11,7,13,45,7,41,81,15
2-May-18,11,8,2,10,21,60,8,62,78,22
3-May-18,21,8,6,11,45,47,11,63,105,18
4-May-18,16,4,7,6,51,46,5,66,71,11
5-May-18,16,4,15,5,37,26,8,61,60,6
6-May-18,17,16,4,14,38,46,6,50,61,30
7-May-18,23,2,3,12,32,20,7,53,75,18
8-May-18,9,14,17,4,43,38,4,74,94,19
9-May-18,12,5,6,10,38,16,2,47,59,7
10-May-18,18,8,5,19,35,32,12,59,86,9
11-May-18,10,4,5,2,25,56,6,56,98,17
12-May-18,23,18,10,6,27,45,0,36,55,20
13-May-18,25,9,9,21,25,28,4,47,48,12
14-May-18,5,5,7,10,27,56,13,48,87,15
15-May-18,11,19,4,8,22,35,3,44,51,26
16-May-18,21,8,3,11,35,45,4,50,74,13
17-May-18,27,22,5,9,43,32,0,47,67,4
18-May-18,8,6,0,14,36,18,6,63,52,6
19-May-18,25,6,15,8,26,31,6,50,76,14
20-May-18,10,24,5,16,25,30,6,26,50,21
21-May-18,19,13,11,8,3,47,6,55,73,12
22-May-18,40,30,4,2,40,11,10,62,78,17
23-May-18,16,9,8,7,25,40,4,64,60,19
24-May-18,17,11,2,9,44,29,9,76,73,25
25-May-18,7,10,2,5,28,35,13,54,88,21
26-May-18,29,8,2,2,31,62,3,41,70,6
27-May-18,22,19,11,8,26,59,2,35,63,10
28-May-18,31,5,0,7,19,48,11,67,60,13
29-May-18,25,6,8,2,13,39,0,48,51,18
30-May-18,18,8,8,6,41,40,4,52,66,10
31-May-18,27,7,5,9,39,48,5,26,61,4
1-Jun-18,20,10,7,7,32,30,10,76,83,24
2-Jun-18,41,12,7,18,26,53,5,41,70,15
3-Jun-18,22,8,4,2,47,16,15,74,87,11
4-Jun-18,51,0,0,11,23,36,6,60,63,14
5-Jun-18,14,21,12,20,30,44,6,75,55,17
6-Jun-18,39,13,4,9,44,62,4,64,50,31
7-Jun-18,26,12,8,13,25,46,0,68,70,12
8-Jun-18,29,7,2,0,36,46,5,69,58,13
9-Jun-18,25,8,11,13,18,39,6,24,75,15
10-Jun-18,27,9,3,6,26,39,14,51,65,19
11-Jun-18,34,4,6,9,37,38,13,64,60,16
12-Jun-18,18,10,6,2,18,32,5,55,61,29
13-Jun-18,24,8,2,8,32,35,6,64,54,4
14-Jun-18,27,2,14,14,28,31,2,51,79,22
15-Jun-18,14,10,4,5,23,40,7,29,93,17
16-Jun-18,15,10,5,5,25,42,5,44,64,10
17-Jun-18,18,12,5,7,38,27,3,51,58,11
18-Jun-18,29,8,4,14,25,15,11,63,68,13
19-Jun-18,15,3,17,2,5,34,0,44,64,8
20-Jun-18,21,9,7,10,31,45,4,39,80,19
21-Jun-18,33,18,7,3,35,49,7,50,66,15
22-Jun-18,23,8,9,9,54,55,3,61,64,8
23-Jun-18,30,29,6,18,25,48,2,52,65,22
24-Jun-18,45,41,6,5,45,34,2,72,95,14
25-Jun-18,23,18,9,3,36,37,9,65,124,33
26-Jun-18,13,12,6,17,27,41,4,41,55,14
27-Jun-18,41,12,8,11,36,23,0,57,34,17
28-Jun-18,33,19,13,7,57,31,12,57,70,5
29-Jun-18,29,7,8,9,39,25,11,68,73,14
30-Jun-18,19,12,12,4,22,44,1,43,40,21
1-Jul-18,8,15,2,9,30,34,8,41,58,13
2-Jul-18,24,4,5,4,46,33,10,77,63,7
3-Jul-18,34,2,6,15,14,38,2,60,106,22
4-Jul-18,30,23,9,5,10,42,7,46,57,8
5-Jul-18,10,11,8,15,24,48,12,75,90,22
6-Jul-18,21,16,8,14,32,56,2,52,53,11
7-Jul-18,12,27,11,4,36,60,6,56,40,11
8-Jul-18,25,7,15,11,19,38,12,42,39,15
9-Jul-18,14,10,4,2,31,40,6,40,81,13
10-Jul-18,16,13,0,10,25,15,8,60,41,8
11-Jul-18,16,11,3,13,43,33,7,49,66,14
12-Jul-18,15,4,0,5,29,38,3,90,66,21
13-Jul-18,27,18,12,2,38,30,2,59,75,12
14-Jul-18,6,14,4,10,33,33,4,32,54,11
15-Jul-18,13,12,8,16,22,23,10,48,48,2
16-Jul-18,22,6,12,6,28,36,3,47,70,19
17-Jul-18,21,15,3,7,21,59,5,50,54,13
18-Jul-18,22,10,0,6,29,27,4,41,66,6
19-Jul-18,13,16,7,9,39,32,1,66,68,19
20-Jul-18,20,12,5,2,30,28,3,71,40,14
21-Jul-18,21,6,6,0,33,50,10,42,38,19
22-Jul-18,15,11,4,10,33,61,8,51,64,11
23-Jul-18,14,15,8,0,34,20,4,68,52,12
24-Jul-18,23,10,2,0,28,39,4,52,59,9
25-Jul-18,19,14,11,4,49,40,6,69,69,7
26-Jul-18,15,4,1,2,27,39,0,53,82,4
27-Jul-18,25,5,2,4,24,50,2,45,65,21
28-Jul-18,16,13,7,10,26,44,2,19,48,16
29-Jul-18,13,14,7,16,24,31,9,43,56,8
30-Jul-18,11,0,5,4,28,23,8,54,51,8
31-Jul-18,16,3,4,8,21,40,0,49,71,16
1-Aug-18,26,12,0,15,32,24,1,66,56,16
2-Aug-18,7,9,2,8,30,21,6,40,63,7
3-Aug-18,22,4,5,3,39,46,4,49,74,14
4-Aug-18,13,7,5,3,24,42,9,29,62,24
5-Aug-18,12,10,5,8,10,37,0,47,47,7
6-Aug-18,8,17,3,7,40,34,6,58,51,5
7-Aug-18,37,15,11,17,13,40,4,43,58,10
8-Aug-18,18,6,2,15,20,32,2,55,67,11
9-Aug-18,11,15,2,8,21,30,5,71,70,17
10-Aug-18,30,13,7,10,37,31,4,53,67,24
11-Aug-18,20,17,3,18,36,36,4,46,69,16
12-Aug-18,24,8,8,14,27,55,9,45,95,15
13-Aug-18,24,2,5,11,22,31,4,62,61,11
14-Aug-18,25,22,5,9,32,62,4,41,67,18
15-Aug-18,13,2,4,4,19,33,5,59,110,12
16-Aug-18,26,11,5,10,45,26,4,54,81,12
17-Aug-18,25,7,3,20,20,34,7,45,78,15
18-Aug-18,18,10,8,9,17,38,3,59,79,12
19-Aug-18,31,15,4,2,35,42,2,36,49,24
20-Aug-18,17,7,8,10,42,25,2,49,54,18
21-Aug-18,14,7,3,10,37,37,10,44,73,18
22-Aug-18,31,12,7,15,33,27,2,45,75,13
23-Aug-18,39,8,2,11,16,45,8,61,90,15
24-Aug-18,13,16,7,2,35,27,3,41,75,21
25-Aug-18,20,13,12,5,29,30,8,43,70,19
26-Aug-18,13,8,4,14,35,47,6,38,67,13
27-Aug-18,31,2,8,7,31,32,6,49,65,19
28-Aug-18,18,9,6,6,38,23,9,49,51,7
29-Aug-18,21,4,3,12,36,51,5,31,84,13
30-Aug-18,16,8,8,8,19,35,1,53,67,14
31-Aug-18,8,16,5,8,34,38,2,52,81,5
1-Sep-18,10,12,2,13,30,34,0,78,66,18
2-Sep-18,19,8,3,7,18,55,5,39,69,2
3-Sep-18,18,12,14,5,12,21,0,40,83,16
4-Sep-18,24,8,8,2,30,46,6,43,65,15
5-Sep-18,19,11,8,14,17,33,2,66,81,3
6-Sep-18,16,11,7,9,39,25,2,62,77,10
7-Sep-18,15,8,8,10,35,35,6,50,43,6
8-Sep-18,45,16,8,10,28,60,6,66,53,20
9-Sep-18,17,17,6,14,23,34,7,44,67,2
10-Sep-18,15,20,2,9,26,29,6,44,65,15
11-Sep-18,27,6,6,7,20,34,4,95,54,4
12-Sep-18,8,2,4,8,43,27,5,74,79,26
13-Sep-18,9,6,8,7,39,43,5,36,74,22
14-Sep-18,19,5,9,15,24,36,6,80,81,15
15-Sep-18,19,3,7,4,32,44,6,46,44,10
16-Sep-18,14,13,11,11,26,54,3,39,65,13
17-Sep-18,12,8,10,10,24,38,8,45,73,18
18-Sep-18,19,16,7,11,10,20,2,47,59,5
19-Sep-18,7,7,2,15,27,51,7,38,71,21
20-Sep-18,18,4,8,7,38,35,7,41,64,9
21-Sep-18,25,5,5,3,25,28,2,52,41,17
22-Sep-18,14,12,5,19,11,46,14,43,53,20
23-Sep-18,16,14,9,6,35,28,2,35,59,10
24-Sep-18,15,12,8,2,35,42,17,40,59,11
25-Sep-18,10,12,8,7,31,35,0,43,77,1
26-Sep-18,26,7,4,7,38,48,4,67,68,19
27-Sep-18,22,9,20,2,32,30,12,40,64,18
28-Sep-18,8,14,9,9,23,23,5,37,61,7
29-Sep-18,10,9,9,18,17,37,10,37,42,9
30-Sep-18,20,27,2,3,14,50,0,64,56,28
1-Oct-18,28,12,8,3,60,54,4,70,70,15
2-Oct-18,35,16,6,12,24,79,9,58,81,23
3-Oct-18,27,5,4,2,31,19,7,50,78,17
4-Oct-18,26,2,0,7,25,26,6,36,73,16
5-Oct-18,12,8,8,7,28,51,2,68,74,19
6-Oct-18,19,18,4,7,38,29,4,38,57,13
7-Oct-18,35,9,8,3,19,34,3,41,60,8
8-Oct-18,15,15,3,11,30,25,6,39,93,4
9-Oct-18,41,25,8,10,34,36,9,23,75,20
10-Oct-18,22,14,4,5,19,37,1,42,69,5
11-Oct-18,17,6,7,10,36,33,10,47,59,7
12-Oct-18,22,8,11,15,30,33,0,32,63,18
13-Oct-18,19,16,6,5,24,35,8,49,72,18
14-Oct-18,20,13,3,9,28,34,2,45,52,15
15-Oct-18,32,8,0,10,19,45,7,33,48,15
16-Oct-18,21,10,0,12,7,40,7,48,49,15
17-Oct-18,22,0,14,23,19,47,2,61,48,9
18-Oct-18,19,4,4,12,41,35,5,34,75,21
19-Oct-18,19,0,6,6,36,47,0,43,64,14
20-Oct-18,16,2,8,8,41,52,3,40,56,23
21-Oct-18,21,7,7,13,17,25,2,59,60,10
22-Oct-18,15,8,10,13,23,51,3,46,55,15
23-Oct-18,31,15,12,13,28,44,8,32,73,37
24-Oct-18,9,4,9,14,30,24,0,49,60,13
25-Oct-18,25,10,4,11,31,32,1,48,67,13
26-Oct-18,25,28,14,9,39,38,12,53,95,2
27-Oct-18,11,7,2,15,28,27,13,41,51,23
28-Oct-18,37,2,0,5,20,49,7,52,65,15
29-Oct-18,15,3,6,10,42,30,2,54,74,17
30-Oct-18,33,7,6,5,15,20,4,31,59,11
31-Oct-18,21,16,6,7,34,25,7,32,49,4
1-Nov-18,31,13,9,4,48,25,9,33,55,12
2-Nov-18,22,9,10,12,37,53,4,53,67,14
3-Nov-18,27,13,13,20,23,33,6,58,81,19
4-Nov-18,26,16,20,3,32,39,6,51,70,11
5-Nov-18,23,7,15,6,32,37,8,53,70,13
6-Nov-18,17,6,6,5,24,39,4,48,68,4
7-Nov-18,18,12,7,7,37,26,3,77,68,15
8-Nov-18,18,9,7,9,42,44,0,51,70,2
9-Nov-18,32,9,11,4,16,45,5,59,79,12
10-Nov-18,36,8,1,12,14,27,5,46,59,5
11-Nov-18,28,14,14,12,27,22,4,48,50,7
12-Nov-18,23,19,5,7,25,31,6,45,100,11
13-Nov-18,27,12,2,19,18,30,4,49,72,13
14-Nov-18,23,22,4,1,23,45,5,50,55,20
15-Nov-18,25,8,10,13,37,22,5,52,86,20
16-Nov-18,14,16,4,10,43,36,7,59,78,10
17-Nov-18,26,22,9,10,12,57,6,31,50,17
18-Nov-18,22,2,5,14,19,20,4,44,70,19
19-Nov-18,30,8,2,10,34,36,18,56,68,9
20-Nov-18,17,5,3,10,22,25,5,38,54,35
21-Nov-18,12,6,16,14,27,40,9,33,103,5
22-Nov-18,16,4,6,8,10,28,6,27,50,19
23-Nov-18,22,9,2,7,27,24,2,50,68,22
24-Nov-18,27,10,10,10,17,29,13,25,60,8
25-Nov-18,21,9,9,11,13,41,9,45,65,15
26-Nov-18,19,2,4,19,24,32,1,59,53,13
27-Nov-18,22,6,9,15,23,34,15,45,72,12
28-Nov-18,20,18,7,20,36,28,5,53,69,13
29-Nov-18,36,9,6,4,37,23,9,48,57,13
30-Nov-18,23,16,4,9,42,36,12,20,73,29
1-Dec-18,14,6,7,2,32,29,4,49,63,18
2-Dec-18,15,14,8,8,24,29,10,52,75,15
3-Dec-18,14,10,16,10,42,50,14,44,87,23
4-Dec-18,19,21,7,0,33,42,2,51,52,22
5-Dec-18,15,19,5,11,25,35,4,37,48,14
6-Dec-18,13,7,3,4,16,31,0,52,91,18
7-Dec-18,15,8,17,18,51,51,22,56,59,14
8-Dec-18,13,7,9,15,52,29,9,53,72,12
9-Dec-18,22,14,3,0,19,24,4,39,59,10
10-Dec-18,37,12,6,11,30,24,4,45,72,17
11-Dec-18,9,16,8,10,31,29,17,45,69,6
12-Dec-18,15,7,4,4,20,31,6,35,70,14
13-Dec-18,22,19,2,12,38,20,7,55,77,9
14-Dec-18,28,18,9,2,25,32,5,69,48,14
15-Dec-18,20,16,3,15,34,64,8,56,85,10
16-Dec-18,11,6,9,10,20,19,3,45,70,22
17-Dec-18,22,2,6,15,26,32,0,43,75,13
18-Dec-18,20,5,4,8,34,40,2,47,71,16
19-Dec-18,16,18,3,5,24,26,4,50,97,13
20-Dec-18,12,16,4,17,19,31,4,31,60,15
21-Dec-18,22,8,3,11,28,55,5,38,81,22
22-Dec-18,21,6,4,8,43,47,8,37,46,10
23-Dec-18,18,8,6,9,18,25,4,38,40,17
24-Dec-18,26,11,3,8,32,37,0,49,51,19
25-Dec-18,40,12,10,6,19,26,0,27,70,8
26-Dec-18,18,12,5,12,8,26,9,55,66,3
27-Dec-18,26,9,5,4,8,29,5,31,44,5
28-Dec-18,24,14,7,6,20,28,17,66,100,31
29-Dec-18,28,14,5,8,20,25,4,37,75,5
30-Dec-18,16,8,0,21,16,16,2,34,67,8
31-Dec-18,10,14,7,11,39,28,5,38,76,24
1-Jan-19,17,12,5,17,29,66,6,45,75,4
2-Jan-19,18,6,1,6,16,36,5,56,96,17
3-Jan-19,12,6,5,5,20,24,2,49,82,13
4-Jan-19,17,7,6,3,26,38,4,43,101,12
5-Jan-19,30,6,9,9,22,33,2,27,71,14
6-Jan-19,23,9,4,22,27,25,8,52,50,13
7-Jan-19,20,5,6,15,31,33,10,74,68,14
8-Jan-19,27,4,10,16,18,32,9,35,83,22
9-Jan-19,18,6,4,10,22,28,9,52,61,5
12-Jan-19,32,4,2,13,21,48,10,37,64,13
13-Jan-19,17,16,6,4,25,25,8,34,46,12
14-Jan-19,29,9,10,20,36,43,6,44,82,14
15-Jan-19,8,5,5,20,21,18,3,40,53,16
16-Jan-19,27,6,0,7,17,36,2,39,108,11
17-Jan-19,19,0,2,17,27,43,10,53,53,12
18-Jan-19,19,10,7,29,23,56,2,53,87,18
19-Jan-19,29,13,10,15,20,33,0,46,69,24
20-Jan-19,25,7,4,12,29,39,6,48,65,8
21-Jan-19,22,8,6,10,18,46,2,29,57,15
22-Jan-19,17,16,0,4,17,36,6,34,66,15
23-Jan-19,27,0,3,14,12,24,2,31,47,6
24-Jan-19,25,13,0,10,24,49,6,42,78,9
25-Jan-19,25,5,8,10,13,55,7,54,59,16
26-Jan-19,15,12,9,6,34,63,4,50,66,18
27-Jan-19,13,12,7,13,17,20,11,53,50,7
28-Jan-19,25,6,2,5,31,51,8,50,57,16
29-Jan-19,19,4,5,11,29,33,0,50,66,19
30-Jan-19,14,1,9,6,15,37,9,55,92,20
31-Jan-19,21,8,4,6,22,29,3,56,56,10
1-Feb-19,21,13,4,9,17,22,6,47,66,10
2-Feb-19,9,13,19,6,22,50,9,51,84,17
3-Feb-19,28,4,9,14,29,35,4,42,67,12
4-Feb-19,30,4,2,10,29,31,4,75,55,18
5-Feb-19,31,15,7,7,45,40,5,53,81,11
6-Feb-19,29,5,3,11,30,35,5,44,75,5
7-Feb-19,13,0,7,7,31,34,6,79,43,13
8-Feb-19,17,23,8,11,16,62,11,33,83,3
9-Feb-19,25,8,8,10,31,48,7,44,61,9
10-Feb-19,20,6,10,8,27,62,6,60,55,7
11-Feb-19,34,13,0,12,27,40,15,54,63,14
12-Feb-19,17,11,3,9,36,43,0,52,83,6
13-Feb-19,19,9,5,3,26,36,10,26,67,13
14-Feb-19,27,15,9,2,40,31,9,77,73,13
15-Feb-19,12,10,16,9,36,31,13,36,70,7
16-Feb-19,13,13,6,6,29,37,4,39,72,19
17-Feb-19,26,9,16,9,31,34,0,44,49,22
18-Feb-19,14,9,16,14,28,32,0,41,40,22
19-Feb-19,24,16,7,8,30,45,0,55,69,14
20-Feb-19,13,13,7,8,20,31,0,61,70,14
21-Feb-19,26,16,2,16,11,41,8,56,80,20
22-Feb-19,24,24,9,17,27,45,0,59,94,23
23-Feb-19,8,14,5,16,25,47,2,49,49,14
24-Feb-19,11,4,10,19,13,32,3,52,49,15
25-Feb-19,17,4,9,6,21,32,3,46,66,16
26-Feb-19,7,0,15,0,26,19,0,60,62,17
27-Feb-19,29,10,4,7,30,33,4,34,74,4
28-Feb-19,30,12,12,7,25,33,6,51,60,18
1-Mar-19,13,13,22,15,29,46,4,61,60,8
2-Mar-19,11,11,5,6,10,37,3,36,49,18
3-Mar-19,10,11,7,7,10,30,8,29,88,12
4-Mar-19,16,5,13,8,32,51,12,59,60,4
5-Mar-19,13,10,10,13,28,43,4,25,80,4
6-Mar-19,29,1,2,13,38,36,10,53,79,5
7-Mar-19,25,6,9,13,32,25,10,36,77,11
8-Mar-19,36,12,4,19,27,35,4,61,83,21
9-Mar-19,22,11,6,7,27,30,4,47,71,17
10-Mar-19,21,8,12,13,20,29,4,58,42,13
11-Mar-19,33,9,2,0,27,34,1,55,90,25
12-Mar-19,23,12,9,11,42,33,0,48,56,22
13-Mar-19,25,7,8,15,18,29,5,57,58,27
14-Mar-19,20,4,11,11,32,34,15,55,70,8
15-Mar-19,26,6,4,4,23,26,5,74,77,12
16-Mar-19,23,13,7,18,23,44,3,46,37,20
17-Mar-19,18,15,11,7,15,48,2,56,44,10
18-Mar-19,15,12,1,15,27,25,5,80,108,18
19-Mar-19,27,2,8,6,19,35,0,63,57,11
20-Mar-19,38,13,2,8,17,28,10,31,63,17
21-Mar-19,25,9,0,12,24,28,8,38,54,4
22-Mar-19,20,14,6,5,23,36,10,49,77,17
23-Mar-19,8,4,20,5,25,39,9,36,74,38
24-Mar-19,7,19,11,17,5,33,13,48,72,17
25-Mar-19,16,2,1,23,16,45,3,55,68,6
26-Mar-19,25,10,11,2,27,44,11,45,51,23
27-Mar-19,27,5,8,5,46,44,9,59,75,14
28-Mar-19,25,6,14,6,29,34,4,59,55,23
29-Mar-19,18,19,2,7,29,25,2,48,71,13
30-Mar-19,35,10,10,11,15,37,11,57,52,23
31-Mar-19,26,20,9,9,23,65,4,33,83,16
1-Apr-19,15,17,6,5,29,37,5,55,63,17
2-Apr-19,43,11,6,7,29,28,4,66,75,19
3-Apr-19,17,21,8,14,12,19,2,47,75,9
4-Apr-19,15,3,8,4,18,47,2,44,88,1
5-Apr-19,11,4,2,8,31,36,4,60,63,9
6-Apr-19,30,19,8,13,22,38,6,26,69,15
7-Apr-19,27,21,7,4,21,44,11,59,67,13
8-Apr-19,21,12,4,10,27,42,7,42,84,21
9-Apr-19,33,4,5,10,22,27,5,34,87,7
10-Apr-19,15,19,4,14,20,26,7,56,103,5
11-Apr-19,21,8,5,6,32,38,8,50,53,17
12-Apr-19,7,10,8,4,37,30,0,36,62,19
13-Apr-19,20,18,6,3,16,31,8,41,64,12
14-Apr-19,20,11,13,7,14,31,9,64,87,9
15-Apr-19,30,3,6,4,11,30,5,28,58,16
16-Apr-19,22,9,4,7,22,38,18,47,61,6
17-Apr-19,21,15,4,17,34,40,10,63,77,14
18-Apr-19,26,14,4,4,17,36,2,55,70,16
19-Apr-19,24,6,13,9,26,62,10,62,79,12
20-Apr-19,23,4,8,8,17,45,0,59,73,21
21-Apr-19,9,10,5,4,26,33,11,40,35,5
22-Apr-19,28,9,5,8,37,56,5,48,92,11
23-Apr-19,16,10,26,8,31,60,2,64,63,8
24-Apr-19,23,5,5,7,19,52,6,52,79,3
25-Apr-19,20,8,7,4,36,42,4,32,49,15
26-Apr-19,20,7,0,10,26,33,15,57,80,18
27-Apr-19,22,13,6,8,16,31,2,57,76,9
28-Apr-19,33,5,5,8,17,59,2,48,64,3
29-Apr-19,24,10,9,2,25,48,4,42,56,15
30-Apr-19,15,8,7,10,29,27,11,42,61,12
1-May-19,19,9,10,9,25,44,10,56,53,18
2-May-19,14,19,2,10,31,41,5,61,46,16
3-May-19,21,13,4,6,34,29,10,44,92,21
4-May-19,19,14,10,5,30,46,7,63,45,11
5-May-19,18,17,3,4,26,48,4,51,69,14
6-May-19,13,8,5,0,45,49,2,37,78,15
7-May-19,25,5,4,4,33,27,4,69,70,26
8-May-19,12,7,8,6,21,29,12,50,68,15
9-May-19,25,12,5,12,36,34,10,51,63,18
10-May-19,22,8,13,4,44,31,8,64,71,21
11-May-19,12,7,9,6,40,38,8,52,70,4
12-May-19,24,7,10,8,30,33,4,46,61,12
13-May-19,25,14,2,7,30,36,9,47,51,14
14-May-19,17,9,10,2,37,30,0,77,65,14
15-May-19,28,8,18,14,17,33,4,50,59,22
16-May-19,22,12,4,10,27,26,4,39,80,9
17-May-19,22,8,7,8,40,26,4,53,62,19
18-May-19,15,8,4,13,24,50,9,49,102,15
19-May-19,18,20,0,13,20,37,6,43,58,19
20-May-19,10,26,4,16,35,38,2,35,67,10
21-May-19,21,6,4,9,28,35,7,53,55,8
22-May-19,26,14,10,9,44,35,11,57,68,15
23-May-19,32,12,7,9,26,39,5,64,77,11
24-May-19,31,12,8,12,18,22,13,84,52,5
25-May-19,14,4,4,3,16,58,10,57,75,9
26-May-19,10,9,2,7,20,22,2,58,53,11
27-May-19,42,5,5,11,17,40,4,41,53,16
28-May-19,31,9,4,13,20,39,19,30,63,19
29-May-19,15,5,14,7,38,17,10,59,60,16
30-May-19,20,14,6,9,32,31,19,62,60,20
31-May-19,28,11,10,6,26,40,11,42,100,6
1-Jun-19,26,14,2,8,28,58,6,37,35,7
2-Jun-19,17,2,4,4,20,49,7,72,52,12
3-Jun-19,27,9,1,5,21,48,5,89,70,11
4-Jun-19,29,6,8,5,52,62,9,66,79,16
5-Jun-19,8,7,5,6,45,23,13,53,54,15
6-Jun-19,27,21,16,5,20,39,9,36,94,14
7-Jun-19,42,16,12,7,22,42,9,94,70,15
8-Jun-19,29,22,2,17,35,45,11,78,114,11
9-Jun-19,29,17,8,12,14,42,5,55,101,11
10-Jun-19,36,17,16,27,15,68,8,82,106,25
11-Jun-19,30,14,11,18,37,57,10,89,92,22
12-Jun-19,41,24,18,18,30,43,8,59,100,14
13-Jun-19,13,7,8,8,40,40,9,41,76,17
14-Jun-19,10,4,8,17,33,36,5,44,53,14
15-Jun-19,12,5,8,4,18,50,11,53,80,11
16-Jun-19,21,24,6,14,29,40,4,50,58,4
17-Jun-19,31,19,9,16,39,36,5,53,69,13
18-Jun-19,29,9,8,10,25,35,11,45,66,10
19-Jun-19,23,5,8,10,23,22,12,55,80,8
20-Jun-19,11,9,6,12,24,29,10,51,70,11
21-Jun-19,16,17,5,12,32,35,4,68,89,9
22-Jun-19,15,13,5,9,22,51,15,45,53,4
23-Jun-19,32,10,7,8,18,46,10,62,50,16
24-Jun-19,21,6,14,11,30,28,9,47,87,3
25-Jun-19,22,4,4,12,33,58,4,78,61,8
26-Jun-19,26,12,2,5,29,33,12,42,63,15
27-Jun-19,21,10,4,5,37,34,5,36,90,20
28-Jun-19,36,13,0,6,28,56,14,48,103,15
29-Jun-19,12,31,2,2,20,53,1,70,58,16
30-Jun-19,27,27,4,9,36,48,0,54,81,12
1-Jul-19,18,20,4,2,33,47,4,52,66,6
2-Jul-19,26,6,9,5,18,45,1,65,61,8
3-Jul-19,19,11,7,5,17,37,15,45,69,10
4-Jul-19,11,11,8,2,24,44,11,28,63,9
5-Jul-19,15,6,4,4,29,37,7,45,72,12
6-Jul-19,19,11,2,6,23,37,12,29,58,5
7-Jul-19,29,15,2,2,15,26,7,50,49,3
8-Jul-19,35,6,4,7,20,44,6,35,69,18
9-Jul-19,35,4,0,13,25,52,7,62,59,12
10-Jul-19,5,3,6,12,30,29,10,50,76,14
11-Jul-19,24,8,2,18,31,47,6,39,79,3
12-Jul-19,35,10,4,11,22,27,4,63,87,11
13-Jul-19,11,8,13,5,29,36,7,45,50,12
14-Jul-19,30,4,2,6,19,31,6,49,54,6
15-Jul-19,29,5,9,15,39,39,5,47,65,16
16-Jul-19,16,4,5,2,18,31,12,61,68,12
17-Jul-19,17,15,11,10,21,32,5,51,66,10
18-Jul-19,26,12,7,2,20,39,0,78,63,8
19-Jul-19,45,3,7,1,36,32,5,60,61,22
20-Jul-19,14,9,3,13,14,22,15,31,56,10
21-Jul-19,14,9,2,18,14,36,3,24,87,9
22-Jul-19,23,2,2,6,30,47,4,48,90,17
23-Jul-19,12,3,24,9,24,25,6,33,61,13
24-Jul-19,9,21,2,8,12,27,8,49,78,9
25-Jul-19,32,5,2,9,33,34,5,44,62,9
26-Jul-19,16,15,4,7,42,25,8,69,65,27
27-Jul-19,11,9,8,10,26,51,4,63,43,21
28-Jul-19,9,12,14,16,32,25,3,86,69,4
29-Jul-19,15,3,4,2,18,38,10,61,63,10
30-Jul-19,14,3,3,7,16,29,5,42,79,16
31-Jul-19,9,10,11,1,28,58,23,51,66,17
1-Aug-19,32,4,2,2,23,40,16,69,83,10
2-Aug-19,15,6,5,9,24,23,2,66,69,11
3-Aug-19,8,31,5,18,17,43,2,56,94,13
4-Aug-19,27,3,4,8,23,43,5,56,84,10
5-Aug-19,49,4,2,12,24,43,3,77,102,15
6-Aug-19,18,13,2,2,17,36,4,38,76,11
7-Aug-19,15,10,6,8,48,33,6,52,71,12
8-Aug-19,15,7,5,1,27,24,17,52,67,23
9-Aug-19,17,10,5,5,35,39,1,70,63,21
10-Aug-19,28,21,0,11,18,36,8,49,85,34
11-Aug-19,12,9,2,5,26,29,5,47,68,10
12-Aug-19,29,12,6,15,25,55,6,58,84,17
13-Aug-19,43,9,2,8,13,52,6,46,94,17
14-Aug-19,20,7,0,17,31,54,19,52,62,15
15-Aug-19,23,4,8,5,52,58,9,89,89,24
16-Aug-19,30,7,11,6,25,53,5,66,48,21
17-Aug-19,26,15,10,13,19,54,12,43,74,21
18-Aug-19,31,9,6,10,48,39,8,32,52,8
19-Aug-19,18,8,0,3,34,43,11,62,83,15
20-Aug-19,22,5,6,9,19,55,6,48,68,25
21-Aug-19,21,6,11,14,28,36,8,38,84,20
22-Aug-19,22,8,7,14,35,42,9,67,68,22
23-Aug-19,40,8,5,10,47,44,6,78,86,7
24-Aug-19,36,20,7,16,21,14,18,69,85,7
25-Aug-19,23,12,5,15,18,64,4,38,71,7
26-Aug-19,22,8,7,6,33,33,3,67,52,15
27-Aug-19,26,10,4,23,27,38,8,67,106,11
28-Aug-19,29,10,10,6,32,38,5,60,76,11
29-Aug-19,25,6,7,14,33,59,14,59,77,4
30-Aug-19,18,9,7,12,51,60,6,58,90,7
31-Aug-19,13,4,3,11,14,36,2,66,75,10
1-Sep-19,17,7,6,7,35,38,11,57,84,20
2-Sep-19,16,11,11,15,35,33,12,53,69,15
3-Sep-19,37,5,9,8,24,45,6,64,88,24
4-Sep-19,9,6,3,21,34,37,5,69,56,14
5-Sep-19,25,7,6,8,24,42,12,69,75,3
6-Sep-19,16,24,9,20,40,48,7,43,90,15
7-Sep-19,15,17,9,13,26,39,5,48,66,7
8-Sep-19,13,8,6,12,25,63,5,41,84,13
9-Sep-19,23,17,15,7,29,38,10,48,72,14
10-Sep-19,23,12,10,13,33,40,20,67,52,18
11-Sep-19,21,12,7,7,19,72,3,47,79,18
12-Sep-19,22,7,7,20,39,34,4,54,111,15
13-Sep-19,14,16,9,11,29,54,1,97,103,22
14-Sep-19,28,13,18,4,42,51,15,71,63,18
15-Sep-19,42,4,0,7,28,30,3,54,53,8
16-Sep-19,31,7,6,12,35,31,6,60,67,13
17-Sep-19,17,10,4,12,16,34,12,80,85,22
18-Sep-19,14,2,1,4,36,47,5,42,84,14
19-Sep-19,24,0,7,13,32,51,8,62,82,5
20-Sep-19,24,15,10,9,33,37,16,51,101,8
21-Sep-19,26,24,2,32,31,40,16,62,97,8
22-Sep-19,24,14,10,8,17,46,5,66,71,15
23-Sep-19,23,6,6,4,31,41,5,54,73,15
24-Sep-19,17,5,4,5,32,46,4,94,51,17
25-Sep-19,23,10,12,5,42,38,8,76,108,14
26-Sep-19,36,11,0,4,38,52,4,52,97,23
27-Sep-19,37,10,2,6,35,40,5,59,77,14
28-Sep-19,30,20,6,17,21,39,3,64,83,15
29-Sep-19,23,12,2,3,16,45,8,79,45,21
30-Sep-19,20,19,12,5,20,30,22,73,81,17
1-Oct-19,21,5,4,3,28,47,8,83,109,21
2-Oct-19,17,26,9,2,28,31,12,54,76,22
3-Oct-19,15,2,4,6,53,36,0,69,82,9
4-Oct-19,23,17,4,10,35,57,6,81,76,8
5-Oct-19,14,6,4,16,39,53,4,53,69,12
6-Oct-19,44,8,4,12,35,55,9,41,85,14
7-Oct-19,16,13,8,16,26,36,10,73,82,10
8-Oct-19,21,12,2,10,32,52,12,67,72,11
9-Oct-19,29,5,9,2,26,52,10,55,84,8
10-Oct-19,13,6,0,8,33,37,6,57,81,12
11-Oct-19,29,15,11,18,16,62,11,69,64,19
12-Oct-19,19,11,11,0,29,26,9,42,83,20
13-Oct-19,30,24,4,9,24,45,2,58,60,9
14-Oct-19,15,4,3,7,22,24,3,50,53,19
15-Oct-19,23,13,7,9,17,56,0,46,57,14
16-Oct-19,24,8,8,8,26,56,4,66,45,8
17-Oct-19,25,6,8,17,19,43,9,49,64,19
18-Oct-19,26,8,13,4,22,34,6,59,53,17
19-Oct-19,38,10,0,7,31,54,2,54,53,27
20-Oct-19,14,9,12,14,23,47,4,45,51,15
21-Oct-19,32,19,6,19,16,43,11,80,81,23
22-Oct-19,62,9,10,10,33,48,2,76,76,13
23-Oct-19,48,18,0,2,32,45,9,70,76,10
24-Oct-19,24,9,11,11,37,65,14,95,99,14
25-Oct-19,27,2,8,11,35,27,9,49,94,16
26-Oct-19,30,5,8,9,31,70,3,64,76,5
27-Oct-19,13,12,9,11,32,40,7,50,99,22
28-Oct-19,27,6,14,3,32,40,9,44,66,16
29-Oct-19,14,15,8,4,15,39,6,38,61,9
30-Oct-19,24,5,6,5,17,36,11,67,94,16
31-Oct-19,38,8,13,13,33,41,10,73,64,11
1-Nov-19,27,12,0,8,36,58,5,77,57,13
2-Nov-19,13,9,6,11,18,60,9,90,77,17
3-Nov-19,37,13,8,3,18,61,26,52,77,6
4-Nov-19,26,9,4,11,20,33,5,65,75,16
5-Nov-19,27,9,4,5,25,35,2,62,74,20
6-Nov-19,10,8,2,3,28,30,6,53,73,6
7-Nov-19,16,5,4,9,28,16,3,61,85,18
8-Nov-19,12,4,7,0,15,39,7,60,85,16
9-Nov-19,20,8,11,10,32,38,7,50,68,12
10-Nov-19,25,9,8,7,34,39,9,63,48,6
11-Nov-19,14,9,6,6,43,35,9,73,50,12
12-Nov-19,46,8,5,13,15,51,6,79,68,10
13-Nov-19,20,8,2,12,34,33,4,22,70,10
14-Nov-19,16,12,2,9,42,57,0,65,76,11
15-Nov-19,23,8,8,6,47,60,2,98,96,9
16-Nov-19,13,12,5,4,12,52,3,48,72,14
17-Nov-19,17,6,7,7,15,54,10,92,66,10
18-Nov-19,22,14,0,2,37,46,8,55,70,30
19-Nov-19,26,15,6,10,27,34,6,58,79,13
20-Nov-19,18,6,3,6,20,27,15,78,88,13
21-Nov-19,11,4,2,4,32,52,3,50,82,10
22-Nov-19,23,7,6,10,45,21,16,61,74,30
23-Nov-19,14,8,21,11,35,50,18,66,67,8
24-Nov-19,8,13,7,13,34,30,5,43,33,4
25-Nov-19,18,4,8,5,25,42,17,43,75,21
26-Nov-19,25,8,4,14,28,34,3,49,85,19
27-Nov-19,20,9,0,7,32,44,6,55,47,9
28-Nov-19,16,12,2,2,18,24,0,34,65,9
29-Nov-19,20,4,17,7,25,27,5,60,63,16
30-Nov-19,20,8,17,13,14,29,13,33,91,10
1-Dec-19,35,2,4,2,35,38,3,51,82,13
2-Dec-19,31,5,9,9,30,39,19,47,85,24
3-Dec-19,25,13,6,18,48,44,7,63,95,22
4-Dec-19,26,3,8,22,30,42,7,75,101,9
5-Dec-19,15,11,2,20,47,46,8,78,89,5
6-Dec-19,20,12,8,13,43,53,5,71,109,12
7-Dec-19,22,11,16,14,40,42,12,66,108,21
8-Dec-19,34,14,8,13,27,35,4,61,45,11
9-Dec-19,37,3,6,10,28,43,8,51,61,12
10-Dec-19,32,9,7,14,35,54,19,50,98,15
11-Dec-19,24,3,8,9,31,40,11,87,83,22
12-Dec-19,30,0,18,2,29,42,7,61,87,11
13-Dec-19,21,8,4,6,28,48,25,67,73,9
14-Dec-19,37,4,4,3,20,53,14,63,88,9
15-Dec-19,24,14,8,13,29,30,4,46,79,2
16-Dec-19,15,9,8,8,28,34,6,55,94,15
17-Dec-19,23,6,11,5,32,36,7,75,47,9
18-Dec-19,32,8,15,3,26,43,4,63,69,9
19-Dec-19,19,3,11,8,16,46,11,71,59,14
20-Dec-19,25,9,2,11,33,51,11,93,67,22
21-Dec-19,41,9,2,6,35,60,11,74,64,19
22-Dec-19,33,4,6,5,28,21,8,48,72,10
23-Dec-19,33,14,3,4,32,34,5,44,61,33
24-Dec-19,33,3,5,9,23,46,2,50,101,20
25-Dec-19,14,4,4,11,16,42,3,48,59,7
26-Dec-19,14,16,17,13,38,32,7,55,92,7
27-Dec-19,34,6,20,12,25,35,5,32,80,18
28-Dec-19,8,14,13,11,24,45,5,35,70,15
29-Dec-19,29,8,11,5,29,30,2,55,56,9
30-Dec-19,38,12,5,4,21,30,8,55,56,15
31-Dec-19,33,5,5,6,28,30,3,56,96,16
1-Jan-20,29,8,8,22,47,51,14,72,97,31
2-Jan-20,23,7,8,17,17,69,5,76,79,18
3-Jan-20,22,23,4,13,12,49,19,68,77,14
4-Jan-20,14,4,12,9,24,47,10,50,49,0
5-Jan-20,16,6,14,5,21,28,6,94,83,6
6-Jan-20,22,10,9,13,27,42,6,82,89,33
7-Jan-20,19,10,14,8,21,31,5,33,62,14
8-Jan-20,22,14,6,5,19,32,7,66,102,15
9-Jan-20,23,10,18,0,38,38,7,64,76,17
10-Jan-20,20,9,8,3,33,34,4,63,76,13
11-Jan-20,7,13,4,9,21,44,2,53,56,9
12-Jan-20,31,10,9,12,18,50,4,61,66,28
13-Jan-20,23,12,4,13,32,43,11,40,65,14
14-Jan-20,31,9,6,5,24,32,9,59,57,16
15-Jan-20,13,8,12,8,19,23,15,58,73,12
16-Jan-20,17,9,17,10,17,42,0,41,79,26
17-Jan-20,12,5,9,11,24,48,10,62,97,24
18-Jan-20,33,11,16,3,19,37,8,41,105,37
19-Jan-20,15,14,3,5,12,44,0,70,97,22
20-Jan-20,25,12,7,11,34,31,7,77,77,19
21-Jan-20,26,11,7,18,17,44,9,44,54,10
22-Jan-20,24,21,2,13,21,42,13,48,81,19
23-Jan-20,28,9,20,6,29,52,14,52,95,6
24-Jan-20,34,16,8,5,28,26,2,52,78,21
25-Jan-20,32,10,2,4,29,40,7,47,65,22
26-Jan-20,19,5,6,7,28,42,15,61,59,7
27-Jan-20,27,9,5,14,27,27,8,55,71,13
28-Jan-20,40,3,14,5,13,45,5,51,62,24
29-Jan-20,28,16,2,8,35,44,13,54,74,3
30-Jan-20,28,12,23,12,24,42,14,47,73,21
31-Jan-20,23,12,6,12,25,37,3,59,88,17
1-Feb-20,23,14,9,14,32,51,2,89,75,11
2-Feb-20,12,11,19,15,45,45,9,61,73,26
3-Feb-20,25,8,10,5,28,48,2,68,93,8
4-Feb-20,17,12,14,7,30,35,9,46,79,12
5-Feb-20,15,7,8,8,28,54,0,80,69,13
6-Feb-20,32,5,10,12,38,41,3,63,66,13
7-Feb-20,20,14,10,9,7,50,6,65,91,10
8-Feb-20,12,12,11,11,22,30,2,36,44,12
9-Feb-20,8,8,9,8,39,49,7,40,74,11
10-Feb-20,31,16,14,12,25,50,9,55,97,23
11-Feb-20,26,13,9,10,31,28,5,62,98,24
12-Feb-20,23,11,8,5,33,61,9,52,75,27
13-Feb-20,44,7,3,5,24,24,5,80,71,11
14-Feb-20,25,7,4,16,20,36,2,60,68,17
15-Feb-20,23,18,6,5,37,51,8,47,109,12
16-Feb-20,26,28,5,14,37,27,6,44,83,13
17-Feb-20,29,17,5,9,15,48,7,53,60,16
18-Feb-20,29,13,9,3,15,34,12,91,74,11
19-Feb-20,23,8,6,10,25,27,4,53,64,19
20-Feb-20,33,6,7,11,52,50,8,55,105,12
21-Feb-20,22,6,5,7,28,36,5,70,74,12
22-Feb-20,21,8,6,8,17,63,10,81,77,13
23-Feb-20,16,19,22,9,29,33,6,69,69,13
24-Feb-20,42,6,5,11,29,48,17,70,30,7
25-Feb-20,29,16,14,11,44,26,6,44,78,29
26-Feb-20,19,24,7,14,26,59,4,77,53,33
27-Feb-20,18,11,5,8,40,33,8,92,79,16
28-Feb-20,22,8,4,11,41,42,6,48,83,11
29-Feb-20,24,11,5,18,33,45,15,47,76,19