RowID,CallNumber,CallDuration,CallHour,CallMinute,CallSecond,UnitID,Incident Number,CallType,CallDate,Watch Date,ReceivedDtTm,Entry DtTm,Dispatch DtTm,Response DtTm,On Scene DtTm,Transport DtTm,Hospital DtTm,Call Final Disposition,AvailableDtTm,Address,City,Zipcode of Incident,Battalion,Station Area,Box,Original Priority,Priority,Final Priority,ALS Unit,Call Type Group,Number of Alarms,Unit Type,Unit sequence in call dispatch,Fire Prevention District,Supervisor District,Neighborhooods - Analysis Boundaries,Location
193352633-E03,193352633,1.783333342,18,56,38,E03,19144677,Outside Fire,12/1/19,12/1/19,12/1/19 18:56,12/1/19 18:56,12/1/19 18:56,12/1/19 18:58,,,,Fire,12/1/19 18:58,0 Block of SHANNON ST,San Francisco,94102,B01,3,1462,A,3,3,TRUE,Fire,1,ENGINE,1,1,6,Tenderloin,"(37.78635490919943, -122.41231221849922)"
191640931-E41,191640931,2.15,8,57,28,E41,19070089,Outside Fire,6/13/19,6/13/19,6/13/19 8:57,6/13/19 8:58,6/13/19 8:59,,,,,Other,6/13/19 8:59,MYRTLE ST/POLK ST,San Francisco,94109,B04,3,3116,3,3,3,FALSE,Fire,1,ENGINE,1,4,6,Tenderloin,"(37.7854330360145, -122.41963899047438)"
190413457-E03,190413457,3.116666662,20,47,6,E03,19017482,Outside Fire,2/10/19,2/10/19,2/10/19 20:47,2/10/19 20:47,2/10/19 20:47,2/10/19 20:48,,,,Cancelled,2/10/19 20:50,200 Block of TURK ST,San Francisco,94102,B03,3,1456,A,3,3,TRUE,Fire,1,ENGINE,1,2,6,Tenderloin,"(37.782845034474, -122.413221766738)"
190032147-E03,190032147,3.316666656,14,49,34,E03 T05,19001143,Vehicle Fire,1/3/19,1/3/19,1/3/19 14:49,1/3/19 14:49,1/3/19 14:50,1/3/19 14:50,,,,Cancelled,1/3/19 14:51,MCALLISTER ST/LARKIN ST,San Francisco,94102,B02,36,1553,C,3,3,TRUE,Fire,1,ENGINE,2,2,6,Tenderloin,"(37.780470341341, -122.416947606226)"
192464604-E03,192464604,3.316666667,22,5,55,E03,19105114,Outside Fire,9/3/19,9/3/19,9/3/19 22:05,9/3/19 22:07,9/3/19 22:07,9/3/19 22:09,9/3/19 22:09,,,Fire,9/3/19 22:09,CEDAR ST/LARKIN ST,San Francisco,94109,B04,3,1641,3,3,3,TRUE,Fire,1,ENGINE,1,4,6,Tenderloin,"(37.786565983578285, -122.41817885494449)"
191411455-E36,191411455,3.399999999,11,23,40,E36,19059759,Outside Fire,5/21/19,5/21/19,5/21/19 11:23,5/21/19 11:24,5/21/19 11:24,5/21/19 11:24,5/21/19 11:26,,,Fire,5/21/19 11:27,LARKIN ST/MCALLISTER ST,San Francisco,94102,B02,36,1645,3,3,3,TRUE,Fire,1,ENGINE,1,2,6,Tenderloin,"(37.780470341341406, -122.41694760622579)"
191930200-E03,191930200,3.666666665,1,42,53,E03,19082083,Outside Fire,7/12/19,7/11/19,7/12/19 1:42,7/12/19 1:44,7/12/19 1:44,7/12/19 1:46,,,,Fire,7/12/19 1:46,400 Block of EDDY ST,San Francisco,94109,B02,3,1545,3,3,3,TRUE,Fire,1,ENGINE,1,2,6,Tenderloin,"(37.78367395235669, -122.41507298080322)"
190984170-E03,190984170,3.833333339,23,41,56,E03,19041978,Outside Fire,4/8/19,4/8/19,4/8/19 23:41,4/8/19 23:41,4/8/19 23:42,4/8/19 23:43,4/8/19 23:45,,,Fire,4/8/19 23:45,HYDE ST/TURK ST,San Francisco,94102,B02,3,1554,A,3,3,TRUE,Fire,1,ENGINE,1,2,6,Tenderloin,"(37.782585033281, -122.415693872109)"
191443110-E36,191443110,4.400000002,17,48,44,E36,19061216,Outside Fire,5/24/19,5/24/19,5/24/19 17:48,5/24/19 17:48,5/24/19 17:48,5/24/19 17:49,5/24/19 17:51,,,Fire,5/24/19 17:53,HICKORY ST/VAN NESS AV,San Francisco,94102,B02,36,3211,A,3,3,TRUE,Fire,1,ENGINE,1,2,6,Tenderloin,"(37.77589418602964, -122.41949151218599)"
190023464-E03,190023464,4.466666674,20,0,57,E03,19000830,Outside Fire,1/2/19,1/2/19,1/2/19 20:00,1/2/19 20:00,1/2/19 20:01,1/2/19 20:02,1/2/19 20:04,,,Fire,1/2/19 20:05,500 Block of JONES ST,San Francisco,94102,B01,3,1462,A,3,3,TRUE,Fire,1,ENGINE,1,1,6,Tenderloin,"(37.786268441716, -122.412997235896)"
191591626-E03,191591626,4.600000007,12,28,8,E03,19067325,Outside Fire,6/8/19,6/8/19,6/8/19 12:28,6/8/19 12:29,6/8/19 12:29,6/8/19 12:30,6/8/19 12:32,,,Fire,6/8/19 12:32,300 Block of GOLDEN GATE AVE,San Francisco,94102,B02,3,1644,3,3,3,TRUE,Fire,1,ENGINE,1,2,6,Tenderloin,"(37.781605127270446, -122.41633625179564)"
190233047-E36,190233047,4.650000008,17,5,34,E36,19009711,Vehicle Fire,1/23/19,1/23/19,1/23/19 17:05,1/23/19 17:07,1/23/19 17:08,,,,,Fire,1/23/19 17:10,200 Block of LARKIN ST,San Francisco,94102,B02,36,1645,3,3,3,FALSE,Fire,1,ENGINE,1,2,6,Tenderloin,"(37.78003611028, -122.416789524298)"
192550573-E03,192550573,4.899999993,7,9,13,E03,19108709,Outside Fire,9/12/19,9/11/19,9/12/19 7:09,9/12/19 7:09,9/12/19 7:09,9/12/19 7:12,9/12/19 7:13,,,Fire,9/12/19 7:14,OFARRELL ST/JONES ST,San Francisco,94102,B01,3,1452,3,3,3,TRUE,Fire,1,ENGINE,1,2,6,Tenderloin,"(37.78578958359149, -122.4129696692537)"
192943571-E36,192943571,4.999999995,18,40,56,E36,19126790,Outside Fire,10/21/19,10/21/19,10/21/19 18:40,10/21/19 18:40,10/21/19 18:41,10/21/19 18:43,10/21/19 18:45,,,Fire,10/21/19 18:45,HYDE ST/FULTON ST,San Francisco,94102,B02,36,1552,B,3,3,TRUE,Fire,1,ENGINE,1,2,6,Tenderloin,"(37.77978852731715, -122.41512695764388)"
191651367-E36,191651367,5.016666666,11,10,47,E36,19070567,Vehicle Fire,6/14/19,6/14/19,6/14/19 11:10,6/14/19 11:11,6/14/19 11:11,6/14/19 11:11,6/14/19 11:14,,,Fire,6/14/19 11:15,LARKIN ST/MCALLISTER ST,San Francisco,94102,B02,36,1645,3,3,3,TRUE,Fire,1,ENGINE,1,2,6,Tenderloin,"(37.780470341341406, -122.41694760622579)"
192663319-E03,192663319,5.016666666,17,59,55,E03,19114100,Outside Fire,9/23/19,9/23/19,9/23/19 17:59,9/23/19 17:59,9/23/19 18:00,9/23/19 18:01,9/23/19 18:04,,,Fire,9/23/19 18:04,100 Block of TURK ST,San Francisco,94102,B03,3,1456,A,3,3,TRUE,Fire,1,ENGINE,1,3,6,Tenderloin,"(37.78316342713403, -122.41159927893747)"
190033491-E36,190033491,5.066666667,20,48,16,E36,19001285,Outside Fire,1/3/19,1/3/19,1/3/19 20:48,1/3/19 20:48,1/3/19 20:48,1/3/19 20:49,1/3/19 20:52,,,Fire,1/3/19 20:53,1200 Block of MARKET ST,San Francisco,94102,B02,36,1646,A,3,3,TRUE,Fire,1,ENGINE,1,2,6,Tenderloin,"(37.778302937782, -122.415436837337)"
190533878-E03,190533878,5.099999998,22,2,48,E03,19022763,Outside Fire,2/22/19,2/22/19,2/22/19 22:02,2/22/19 22:04,2/22/19 22:04,2/22/19 22:05,2/22/19 22:06,,,Fire,2/22/19 22:07,TURK ST/HYDE ST,San Francisco,94102,B02,3,1554,3,3,3,TRUE,Fire,1,ENGINE,1,2,6,Tenderloin,"(37.782585033281, -122.415693872109)"
191684014-E03,191684014,5.18333334,21,35,26,E03,19072053,Outside Fire,6/17/19,6/17/19,6/17/19 21:35,6/17/19 21:35,6/17/19 21:35,6/17/19 21:36,6/17/19 21:38,,,Fire,6/17/19 21:40,TURK ST/HYDE ST,San Francisco,94102,B02,3,1554,A,3,3,TRUE,Fire,1,ENGINE,1,2,6,Tenderloin,"(37.78258503328092, -122.41569387210927)"
193103201-AM112,193103201,5.266666684,17,8,37,AM112 B02 E36 T03,19134133,Explosion,11/6/19,11/6/19,11/6/19 17:08,11/6/19 17:08,11/6/19 17:09,,,,,No Merit,11/6/19 17:09,100 Block of MCALLISTER ST,San Francisco,94102,B02,36,1553,A,3,3,FALSE,Fire,1,PRIVATE,1,2,6,Tenderloin,"(37.78087725854987, -122.41450689871087)"
191350175-E03,191350175,5.300000003,1,49,26,E03,19057119,Outside Fire,5/15/19,5/14/19,5/15/19 1:49,5/15/19 1:50,5/15/19 1:50,5/15/19 1:52,5/15/19 1:54,,,Fire,5/15/19 1:54,TURK ST/HYDE ST,San Francisco,94102,B02,3,1554,3,3,3,TRUE,Fire,1,ENGINE,1,2,6,Tenderloin,"(37.78258503328092, -122.41569387210927)"
193143074-E03,193143074,5.366666674,18,49,4,E03,19135866,Outside Fire,11/10/19,11/10/19,11/10/19 18:49,11/10/19 18:49,11/10/19 18:49,11/10/19 18:49,11/10/19 18:51,,,Fire,11/10/19 18:54,LARKIN ST/OFARRELL ST,San Francisco,94109,B04,3,1642,3,3,3,TRUE,Fire,1,ENGINE,1,2,6,Tenderloin,"(37.78516721469871, -122.41790141135981)"
190523713-E03,190523713,5.483333326,20,17,23,E03,19022230,Outside Fire,2/21/19,2/21/19,2/21/19 20:17,2/21/19 20:17,2/21/19 20:18,2/21/19 20:19,2/21/19 20:21,,,Fire,2/21/19 20:22,MCALLISTER ST/LARKIN ST,San Francisco,94102,B02,36,1553,3,3,3,TRUE,Fire,1,ENGINE,1,2,6,Tenderloin,"(37.780470341341, -122.416947606226)"
191672025-E36,191672025,5.566666669,14,46,0,E36,19071493,Vehicle Fire,6/16/19,6/16/19,6/16/19 14:46,6/16/19 14:49,6/16/19 14:49,,,,,Cancelled,6/16/19 14:51,POLK ST/MCALLISTER ST,San Francisco,94102,B02,36,3113,3,3,3,TRUE,Fire,1,ENGINE,1,2,6,Tenderloin,"(37.78026013119744, -122.41859851027486)"
190143536-E03,190143536,5.599999999,20,14,47,E03,19005923,Outside Fire,1/14/19,1/14/19,1/14/19 20:14,1/14/19 20:15,1/14/19 20:15,1/14/19 20:16,1/14/19 20:18,,,Fire,1/14/19 20:20,LARKIN ST/OFARRELL ST,San Francisco,94109,B04,3,1642,3,3,3,TRUE,Fire,1,ENGINE,1,2,6,Tenderloin,"(37.785167214699, -122.41790141136)"
193220086-E03,193220086,5.61666667,0,55,43,E03,19138963,Outside Fire,11/18/19,11/17/19,11/18/19 0:55,11/18/19 0:55,11/18/19 0:55,11/18/19 0:57,11/18/19 0:58,,,Fire,11/18/19 1:01,CEDAR ST/POLK ST,San Francisco,94109,B04,3,1641,A,3,3,TRUE,Fire,1,ENGINE,1,4,6,Tenderloin,"(37.786358950502645, -122.41983309070173)"
191671405-E36,191671405,5.800000004,11,52,49,E36,19071429,Vehicle Fire,6/16/19,6/16/19,6/16/19 11:52,6/16/19 11:53,6/16/19 11:54,6/16/19 11:55,,,,No Merit,6/16/19 11:58,300 Block of MCALLISTER ST,San Francisco,94102,B02,36,3113,3,3,3,TRUE,Fire,1,ENGINE,1,2,6,Tenderloin,"(37.78031100610688, -122.4177620971748)"
190221356-78,190221356,5.933333337,10,59,2,78 E03,19009193,Outside Fire,1/22/19,1/22/19,1/22/19 10:59,1/22/19 10:59,1/22/19 11:01,1/22/19 11:01,1/22/19 11:01,,,Fire,1/22/19 11:02,800 Block of OFARRELL ST,San Francisco,94109,B04,3,1642,3,3,3,TRUE,Fire,1,MEDIC,1,2,6,Tenderloin,"(37.785009489537, -122.418713807613)"
192434009-E03,192434009,5.983333328,23,7,16,E03,19103803,Outside Fire,8/31/19,8/31/19,8/31/19 23:07,8/31/19 23:09,8/31/19 23:09,8/31/19 23:10,8/31/19 23:12,,,Fire,8/31/19 23:13,TURK ST/HYDE ST,San Francisco,94102,B02,3,1554,3,3,3,TRUE,Fire,1,ENGINE,1,2,6,Tenderloin,"(37.78258503328092, -122.41569387210927)"
190682266-E03,190682266,6.100000001,15,33,31,E03,19029069,Outside Fire,3/9/19,3/9/19,3/9/19 15:33,3/9/19 15:33,3/9/19 15:33,3/9/19 15:34,3/9/19 15:38,,,Fire,3/9/19 15:39,100 Block of GOLDEN GATE AVE,San Francisco,94102,B02,3,1546,A,3,3,TRUE,Fire,1,ENGINE,1,2,6,Tenderloin,"(37.781913974418, -122.413032193956)"
190314300-E03,190314300,6.116666661,23,43,36,E03,19013147,Outside Fire,1/31/19,1/31/19,1/31/19 23:43,1/31/19 23:43,1/31/19 23:43,1/31/19 23:45,1/31/19 23:47,,,Fire,1/31/19 23:49,HYDE ST/TURK ST,San Francisco,94102,B02,3,1554,C,3,3,TRUE,Fire,1,ENGINE,1,2,6,Tenderloin,"(37.782585033281, -122.415693872109)"
190793551-E03,190793551,6.116666672,19,37,36,E03,19033924,Outside Fire,3/20/19,3/20/19,3/20/19 19:37,3/20/19 19:37,3/20/19 19:37,3/20/19 19:39,3/20/19 19:41,,,Fire,3/20/19 19:43,300 Block of OFARRELL ST,San Francisco,94102,B03,3,1366,I,3,3,TRUE,Fire,1,ENGINE,1,3,6,Tenderloin,"(37.786045201612, -122.410493503888)"
192443405-E03,192443405,6.166666673,20,8,8,E03,19104180,Outside Fire,9/1/19,9/1/19,9/1/19 20:08,9/1/19 20:09,9/1/19 20:09,9/1/19 20:10,9/1/19 20:11,,,Fire,9/1/19 20:14,0 Block of CEDAR ST,San Francisco,94109,B04,3,1641,3,3,3,TRUE,Fire,1,ENGINE,1,4,6,Tenderloin,"(37.78651672652232, -122.41901675525418)"
193001504-E03,193001504,6.266666665,10,27,14,E03,19129595,Outside Fire,10/27/19,10/27/19,10/27/19 10:27,10/27/19 10:27,10/27/19 10:27,10/27/19 10:27,,,,Fire,10/27/19 10:33,300 Block of HYDE ST,San Francisco,94109,B02,3,1555,B,3,3,TRUE,Fire,1,ENGINE,1,2,6,Tenderloin,"(37.78397351430186, -122.41604546565554)"
191182577-E36,191182577,6.350000007,16,41,14,E36,19050324,Outside Fire,4/28/19,4/28/19,4/28/19 16:41,4/28/19 16:42,4/28/19 16:42,4/28/19 16:43,4/28/19 16:45,,,No Merit,4/28/19 16:47,GROVE ST/LARKIN ST,San Francisco,94102,B02,36,1552,3,3,3,TRUE,Fire,1,ENGINE,1,2,6,Tenderloin,"(37.7786578549412, -122.41658034469829)"
191822992-E03,191822992,6.399999988,16,45,47,E03 T03,19077897,Vehicle Fire,7/1/19,7/1/19,7/1/19 16:45,7/1/19 16:47,7/1/19 16:48,,,,,Cancelled,7/1/19 16:48,MCALLISTER ST/LARKIN ST,San Francisco,94102,B02,36,1553,3,3,3,TRUE,Fire,1,ENGINE,1,2,6,Tenderloin,"(37.780470341341406, -122.41694760622579)"
192493833-E36,192493833,6.399999998,20,37,14,E36,19106426,Outside Fire,9/6/19,9/6/19,9/6/19 20:37,9/6/19 20:37,9/6/19 20:37,9/6/19 20:39,,,,Fire,9/6/19 20:43,TURK ST/HYDE ST,San Francisco,94102,B02,3,1554,3,3,3,TRUE,Fire,1,ENGINE,1,2,6,Tenderloin,"(37.78258503328092, -122.41569387210927)"
192913753-E36,192913753,6.416666668,20,17,55,E36,19125522,Outside Fire,10/18/19,10/18/19,10/18/19 20:17,10/18/19 20:19,10/18/19 20:19,10/18/19 20:21,,,,Fire,10/18/19 20:24,400 Block of MCALLISTER ST,San Francisco,94102,B02,36,3113,3,3,3,TRUE,Fire,1,ENGINE,1,2,6,Tenderloin,"(37.780211169772386, -122.41943239534169)"
193443218-E05,193443218,6.433333328,18,0,41,E05,19148961,Outside Fire,12/10/19,12/10/19,12/10/19 18:00,12/10/19 18:01,12/10/19 18:01,12/10/19 18:03,12/10/19 18:06,,,Unable to Locate,12/10/19 18:07,800 Block of POLK ST,San Francisco,94109,B02,3,3115,3,3,3,TRUE,Fire,1,ENGINE,1,2,6,Tenderloin,"(37.78426976410022, -122.41948027646784)"
192570980-E03,192570980,6.46666667,8,48,28,E03,19109849,Outside Fire,9/14/19,9/14/19,9/14/19 8:48,9/14/19 8:49,9/14/19 8:49,9/14/19 8:50,9/14/19 8:52,,,Fire,9/14/19 8:54,ELLIS ST/HYDE ST,San Francisco,94109,B02,3,1555,3,3,3,TRUE,Fire,1,ENGINE,1,2,6,Tenderloin,"(37.78444884066696, -122.4160717351038)"
192042912-E03,192042912,6.5,17,11,25,E03,19086858,Outside Fire,7/23/19,7/23/19,7/23/19 17:11,7/23/19 17:11,7/23/19 17:11,7/23/19 17:12,7/23/19 17:15,,,Fire,7/23/19 17:17,200 Block of ELLIS ST,San Francisco,94102,B03,3,1366,A,3,3,TRUE,Fire,1,ENGINE,1,3,6,Tenderloin,"(37.785124520548344, -122.41030774213746)"
193301876-E03,193301876,6.566666672,12,32,43,E03,19142482,Outside Fire,11/26/19,11/26/19,11/26/19 12:32,11/26/19 12:33,11/26/19 12:33,11/26/19 12:34,11/26/19 12:35,,,Fire,11/26/19 12:39,800 Block of GEARY ST,San Francisco,94109,B04,3,1556,3,3,3,TRUE,Fire,1,ENGINE,1,4,6,Tenderloin,"(37.78615140146587, -122.41725762380497)"
193141850-E03,193141850,6.666666664,13,26,52,E03,19135770,Outside Fire,11/10/19,11/10/19,11/10/19 13:26,11/10/19 13:26,11/10/19 13:26,11/10/19 13:28,11/10/19 13:32,,,No Merit,11/10/19 13:33,EDDY ST/LEAVENWORTH ST,San Francisco,94102,B02,3,1545,A,3,3,TRUE,Fire,1,ENGINE,1,2,6,Tenderloin,"(37.78372378299645, -122.41424157522684)"
192980528-E03,192980528,6.683333335,6,18,59,E03,19128519,Outside Fire,10/25/19,10/24/19,10/25/19 6:18,10/25/19 6:18,10/25/19 6:19,10/25/19 6:21,10/25/19 6:24,,,Fire,10/25/19 6:25,100 Block of JONES ST,San Francisco,94102,B03,3,1456,B,3,3,TRUE,Fire,1,ENGINE,1,3,6,Tenderloin,"(37.78254740004211, -122.41224793549479)"
192863316-E03,192863316,6.766666666,19,26,1,E03,19123414,Outside Fire,10/13/19,10/13/19,10/13/19 19:26,10/13/19 19:26,10/13/19 19:28,10/13/19 19:29,10/13/19 19:31,,,Fire,10/13/19 19:32,TURK ST/JONES ST,San Francisco,94102,B03,3,1456,3,3,3,TRUE,Fire,1,ENGINE,1,2,6,Tenderloin,"(37.78300407767704, -122.41241174748173)"
191661956-E03,191661956,6.93333333,14,27,30,E03,19071038,Vehicle Fire,6/15/19,6/15/19,6/15/19 14:27,6/15/19 14:29,6/15/19 14:30,6/15/19 14:31,6/15/19 14:33,,,Fire,6/15/19 14:34,MCALLISTER ST/LARKIN ST,San Francisco,94102,B02,36,1553,3,3,3,TRUE,Fire,1,ENGINE,1,2,6,Tenderloin,"(37.780470341341406, -122.41694760622579)"
192510668-E03,192510668,6.933333341,6,55,20,E03,19106970,Outside Fire,9/8/19,9/7/19,9/8/19 6:55,9/8/19 6:55,9/8/19 6:55,9/8/19 6:57,9/8/19 7:00,,,Fire,9/8/19 7:02,1400 Block of MARKET ST,San Francisco,94102,B02,36,3219,A,3,3,TRUE,Fire,1,ENGINE,1,2,6,Tenderloin,"(37.77591186688677, -122.41846357838125)"
192440420-E03,192440420,7.000000002,3,59,2,E03,19103876,Outside Fire,9/1/19,8/31/19,9/1/19 3:59,9/1/19 3:59,9/1/19 3:59,9/1/19 3:59,9/1/19 4:01,,,Fire,9/1/19 4:06,800 Block of OFARRELL ST,San Francisco,94109,B04,3,1642,B,3,3,TRUE,Fire,1,ENGINE,1,2,6,Tenderloin,"(37.78500948953681, -122.41871380761319)"
193600067-E03,193600067,7.066666674,0,56,9,E03,19155662,Outside Fire,12/26/19,12/25/19,12/26/19 0:56,12/26/19 0:57,12/26/19 0:58,12/26/19 0:59,12/26/19 1:01,,,No Merit,12/26/19 1:03,MCALLISTER ST/LARKIN ST,San Francisco,94102,B02,36,1553,3,3,3,TRUE,Fire,1,ENGINE,1,2,6,Tenderloin,"(37.780470341341406, -122.41694760622579)"
190623614-E03,190623614,7.100000004,22,37,32,E03,19026613,Outside Fire,3/3/19,3/3/19,3/3/19 22:37,3/3/19 22:38,3/3/19 22:38,3/3/19 22:39,3/3/19 22:41,,,Fire,3/3/19 22:44,500 Block of ELLIS ST,San Francisco,94109,B02,3,1555,3,3,3,TRUE,Fire,1,ENGINE,1,2,6,Tenderloin,"(37.784585134714, -122.415436031905)"
190623314-E03,190623314,7.116666664,20,41,57,E03,19026578,Outside Fire,3/3/19,3/3/19,3/3/19 20:41,3/3/19 20:44,3/3/19 20:45,3/3/19 20:45,3/3/19 20:48,,,Fire,3/3/19 20:49,HYDE ST/TURK ST,San Francisco,94102,B02,3,1554,3,3,3,TRUE,Fire,1,ENGINE,1,2,6,Tenderloin,"(37.782585033281, -122.415693872109)"
193034010-E03,193034010,7.233333327,21,8,32,E03,19131183,Outside Fire,10/30/19,10/30/19,10/30/19 21:08,10/30/19 21:09,10/30/19 21:09,10/30/19 21:11,10/30/19 21:12,,,Fire,10/30/19 21:15,ADA CT/OFARRELL ST,San Francisco,94109,B04,3,1544,3,3,3,TRUE,Fire,1,ENGINE,1,2,6,Tenderloin,"(37.78544962684141, -122.41567389106892)"
192292937-E03,192292937,7.249999997,17,30,6,E03,19097537,Outside Fire,8/17/19,8/17/19,8/17/19 17:30,8/17/19 17:30,8/17/19 17:31,8/17/19 17:32,8/17/19 17:34,,,Fire,8/17/19 17:37,100 Block of POWELL ST,San Francisco,94102,B03,3,1363,3,3,3,TRUE,Fire,1,ENGINE,1,3,3,Tenderloin,"(37.78594197069232, -122.40801273025853)"
191443412-E01,191443412,7.283333339,18,58,7,E01,19061241,Outside Fire,5/24/19,5/24/19,5/24/19 18:58,5/24/19 18:58,5/24/19 18:59,5/24/19 19:00,,,,Fire,5/24/19 19:05,GOLDEN GATE AV/JONES ST,San Francisco,94102,B03,1,1454,3,3,3,TRUE,Fire,1,ENGINE,1,2,6,Tenderloin,"(37.7820730668609, -122.41222073685391)"
193652828-E36,193652828,7.283333339,18,19,56,E36,19158092,Outside Fire,12/31/19,12/31/19,12/31/19 18:19,12/31/19 18:20,12/31/19 18:20,12/31/19 18:22,12/31/19 18:24,,,Fire,12/31/19 18:27,1300 Block of MARKET ST,San Francisco,94102,B02,36,3111,3,3,3,TRUE,Fire,1,ENGINE,1,2,6,Tenderloin,"(37.777083464194156, -122.41697932641131)"
193613341-E03,193613341,7.33333334,20,19,44,E03,19156437,Outside Fire,12/27/19,12/27/19,12/27/19 20:19,12/27/19 20:21,12/27/19 20:21,12/27/19 20:22,12/27/19 20:24,,,Fire,12/27/19 20:27,300 Block of GOLDEN GATE AVE,San Francisco,94102,B02,3,1644,3,3,3,TRUE,Fire,1,ENGINE,1,2,6,Tenderloin,"(37.781605127270446, -122.41633625179564)"
192390413-E03,192390413,7.36666666,6,1,22,E03,19101583,Outside Fire,8/27/19,8/26/19,8/27/19 6:01,8/27/19 6:02,8/27/19 6:02,8/27/19 6:03,8/27/19 6:06,,,Fire,8/27/19 6:08,ELLIS ST/HYDE ST,San Francisco,94109,B02,3,1555,3,3,3,TRUE,Fire,1,ENGINE,1,2,6,Tenderloin,"(37.78444884066696, -122.4160717351038)"
190243345-E36,190243345,7.466666662,19,22,28,E36,19010159,Vehicle Fire,1/24/19,1/24/19,1/24/19 19:22,1/24/19 19:24,1/24/19 19:25,1/24/19 19:26,1/24/19 19:29,,,Fire,1/24/19 19:29,LARKIN ST/FULTON ST,San Francisco,94102,B02,36,1645,3,3,3,TRUE,Fire,1,ENGINE,1,2,6,Tenderloin,"(37.779584435791, -122.416768094108)"
193563338-E03,193563338,7.550000005,23,10,25,E03,19154447,Outside Fire,12/22/19,12/22/19,12/22/19 23:10,12/22/19 23:11,12/22/19 23:12,12/22/19 23:13,12/22/19 23:15,,,Fire,12/22/19 23:17,HYDE ST/TURK ST,San Francisco,94102,B02,3,1554,3,3,3,TRUE,Fire,1,ENGINE,1,2,6,Tenderloin,"(37.78258503328092, -122.41569387210927)"
192684903-E03,192684903,7.583333335,23,49,46,E03,19115236,Outside Fire,9/25/19,9/25/19,9/25/19 23:49,9/25/19 23:51,9/25/19 23:51,9/25/19 23:52,9/25/19 23:56,,,Fire,9/25/19 23:57,600 Block of LEAVENWORTH ST,San Francisco,94109,B04,3,1543,3,3,3,TRUE,Fire,1,ENGINE,1,1,3,Tenderloin,"(37.786995530184484, -122.41483269913148)"
192551340-E36,192551340,7.8,10,29,54,E36,19108783,Outside Fire,9/12/19,9/12/19,9/12/19 10:29,9/12/19 10:29,9/12/19 10:30,9/12/19 10:30,,,,Cancelled,9/12/19 10:37,MARKET ST/HYDE ST,San Francisco,94103,B02,36,1551,A,3,3,TRUE,Fire,1,ENGINE,1,2,6,Tenderloin,"(37.778719428852966, -122.41474122302222)"
191150667-E03,191150667,7.816666671,7,34,10,E03,19048825,Outside Fire,4/25/19,4/24/19,4/25/19 7:34,4/25/19 7:35,4/25/19 7:35,4/25/19 7:36,4/25/19 7:40,,,Fire,4/25/19 7:41,300 Block of GOLDEN GATE AVE,San Francisco,94102,B02,3,1644,3,3,3,TRUE,Fire,1,ENGINE,1,2,6,Tenderloin,"(37.781605127270446, -122.41633625179564)"
191020047-E36,191020047,7.850000001,0,23,47,E36,19043246,Outside Fire,4/12/19,4/11/19,4/12/19 0:23,4/12/19 0:24,4/12/19 0:25,4/12/19 0:27,4/12/19 0:30,,,Fire,4/12/19 0:31,200 Block of LARKIN ST,San Francisco,94102,B02,36,1645,3,3,3,TRUE,Fire,1,ENGINE,1,2,6,Tenderloin,"(37.78003611028, -122.416789524298)"
191170483-E03,191170483,7.883333332,4,24,16,E03,19049663,Outside Fire,4/27/19,4/26/19,4/27/19 4:24,4/27/19 4:26,4/27/19 4:26,4/27/19 4:28,4/27/19 4:30,,,Fire,4/27/19 4:32,400 Block of EDDY ST,San Francisco,94109,B02,3,1545,3,3,3,TRUE,Fire,1,ENGINE,1,2,6,Tenderloin,"(37.78367395235669, -122.41507298080322)"
193002941-E03,193002941,7.899999992,16,17,47,E03,19129762,Outside Fire,10/27/19,10/27/19,10/27/19 16:17,10/27/19 16:17,10/27/19 16:18,10/27/19 16:19,10/27/19 16:21,,,Fire,10/27/19 16:25,OLIVE ST/VAN NESS AV,San Francisco,94109,B02,3,3115,A,3,3,TRUE,Fire,1,ENGINE,1,2,5,Tenderloin,"(37.784283290300316, -122.42117098767964)"
190444131-E03,190444131,7.900000003,23,14,48,E03,19018833,Outside Fire,2/13/19,2/13/19,2/13/19 23:14,2/13/19 23:15,2/13/19 23:16,2/13/19 23:17,2/13/19 23:20,,,Fire,2/13/19 23:22,100 Block of MCALLISTER ST,San Francisco,94102,B02,36,1553,3,3,3,TRUE,Fire,1,ENGINE,1,2,6,Tenderloin,"(37.78087725869, -122.414506898938)"
191852699-E03,191852699,7.949999993,18,29,6,E03,19079088,Outside Fire,7/4/19,7/4/19,7/4/19 18:29,7/4/19 18:29,7/4/19 18:30,7/4/19 18:31,7/4/19 18:33,,,Fire,7/4/19 18:37,300 Block of ELLIS ST,San Francisco,94102,B03,3,1461,3,3,3,TRUE,Fire,1,ENGINE,1,3,6,Tenderloin,"(37.78502466068867, -122.41197189056628)"
190123468-E03,190123468,7.966666664,20,18,16,E03,19005090,Outside Fire,1/12/19,1/12/19,1/12/19 20:18,1/12/19 20:19,1/12/19 20:19,1/12/19 20:20,1/12/19 20:22,,,No Merit,1/12/19 20:26,ELLIS ST/JONES ST,San Francisco,94102,B03,3,1461,3,3,3,TRUE,Fire,1,ENGINE,1,2,6,Tenderloin,"(37.784866243738, -122.412782128267)"
192593241-E03,192593241,7.983333335,17,59,1,E03,19110955,Outside Fire,9/16/19,9/16/19,9/16/19 17:59,9/16/19 18:01,9/16/19 18:01,9/16/19 18:02,9/16/19 18:04,,,Fire,9/16/19 18:07,GEARY ST/LARKIN ST,San Francisco,94109,B04,3,1556,3,3,3,TRUE,Fire,1,ENGINE,1,4,6,Tenderloin,"(37.78610103882032, -122.41808809882461)"
192750191-E03,192750191,7.983333335,2,17,2,E03,19118009,Outside Fire,10/2/19,10/1/19,10/2/19 2:17,10/2/19 2:18,10/2/19 2:19,10/2/19 2:20,10/2/19 2:21,,,Fire,10/2/19 2:25,CEDAR ST/POLK ST,San Francisco,94109,B04,3,1641,3,3,3,TRUE,Fire,1,ENGINE,1,4,6,Tenderloin,"(37.786358950502645, -122.41983309070173)"
192530417-E01,192530417,7.999999995,6,5,13,E01,19107800,Outside Fire,9/10/19,9/9/19,9/10/19 6:05,9/10/19 6:05,9/10/19 6:05,9/10/19 6:07,9/10/19 6:11,,,Fire,9/10/19 6:13,MCALLISTER ST/JONES ST,San Francisco,94102,B03,36,1455,A,3,3,TRUE,Fire,1,ENGINE,1,2,6,Tenderloin,"(37.78113616052921, -122.41202407555724)"
192400193-E01,192400193,8.000000005,2,3,36,E01,19102001,Outside Fire,8/28/19,8/27/19,8/28/19 2:03,8/28/19 2:03,8/28/19 2:04,8/28/19 2:05,,,,Fire,8/28/19 2:11,0 Block of MCALLISTER ST,San Francisco,94102,B03,36,1455,A,3,3,TRUE,Fire,1,ENGINE,1,2,6,Tenderloin,"(37.78111921215415, -122.41259697063744)"
192180674-E03,192180674,8.066666666,7,50,18,E03,19092540,Outside Fire,8/6/19,8/5/19,8/6/19 7:50,8/6/19 7:52,8/6/19 7:52,8/6/19 7:53,8/6/19 7:56,,,Fire,8/6/19 7:58,EDDY ST/POLK ST,San Francisco,94109,B02,3,3115,3,3,3,TRUE,Fire,1,ENGINE,1,2,6,Tenderloin,"(37.78310139927685, -122.4191817050345)"
191102049-E03,191102049,8.083333327,13,28,46,E03,19046785,Outside Fire,4/20/19,4/20/19,4/20/19 13:28,4/20/19 13:31,4/20/19 13:31,4/20/19 13:31,4/20/19 13:32,,,Fire,4/20/19 13:36,MYRTLE ST/POLK ST,San Francisco,94109,B04,3,3116,3,3,3,TRUE,Fire,1,ENGINE,1,4,6,Tenderloin,"(37.7854330360145, -122.41963899047438)"
191653273-E36,191653273,8.099999997,19,15,12,E36 T03,19070745,Vehicle Fire,6/14/19,6/14/19,6/14/19 19:15,6/14/19 19:15,6/14/19 19:16,6/14/19 19:17,6/14/19 19:21,,,Fire,6/14/19 19:21,LARKIN ST/FULTON ST,San Francisco,94102,B02,36,1645,3,3,3,TRUE,Fire,1,ENGINE,1,2,6,Tenderloin,"(37.77958443579076, -122.41676809410758)"
190940204-E03,190940204,8.133333328,1,40,54,E03,19039909,Outside Fire,4/4/19,4/3/19,4/4/19 1:40,4/4/19 1:41,4/4/19 1:41,4/4/19 1:43,4/4/19 1:46,,,Fire,4/4/19 1:49,700 Block of POLK ST,San Francisco,94109,B02,3,3115,3,3,3,TRUE,Fire,1,ENGINE,1,2,6,Tenderloin,"(37.783343063623, -122.419159190984)"
191660112-E03,191660112,8.133333338,0,50,20,E03,19070848,Vehicle Fire,6/15/19,6/14/19,6/15/19 0:50,6/15/19 0:53,6/15/19 0:53,6/15/19 0:54,6/15/19 0:57,,,No Merit,6/15/19 0:58,0 Block of GROVE ST,San Francisco,94102,B02,36,1552,3,3,3,TRUE,Fire,1,ENGINE,1,2,6,Tenderloin,"(37.77864809022452, -122.41741496364418)"
191074053-E36,191074053,8.283333331,21,43,16,E36,19045657,Outside Fire,4/17/19,4/17/19,4/17/19 21:43,4/17/19 21:46,4/17/19 21:46,4/17/19 21:48,4/17/19 21:51,,,Fire,4/17/19 21:51,VAN NESS AV/OFARRELL ST,San Francisco,94109,B04,3,3162,3,3,3,TRUE,Fire,1,ENGINE,1,4,5,Tenderloin,"(37.78475344523433, -122.4211929752227)"
191600132-E01,191600132,8.333333333,0,46,47,E01,19067667,Outside Fire,6/9/19,6/8/19,6/9/19 0:46,6/9/19 0:46,6/9/19 0:47,6/9/19 0:47,6/9/19 0:49,,,Fire,6/9/19 0:55,ELLIS ST/MASON ST,San Francisco,94102,B03,1,1364,A,3,3,TRUE,Fire,1,ENGINE,1,3,3,Tenderloin,"(37.78528291639002, -122.40949752689623)"
193423844-E03,193423844,8.366666663,23,14,57,E03,19148131,Outside Fire,12/8/19,12/8/19,12/8/19 23:14,12/8/19 23:17,12/8/19 23:17,12/8/19 23:18,12/8/19 23:19,,,Fire,12/8/19 23:23,900 Block of POST ST,San Francisco,94109,B04,3,1641,3,3,3,TRUE,Fire,1,ENGINE,1,4,6,Tenderloin,"(37.78706505086084, -122.41761947406877)"
191451352-E03,191451352,8.383333334,11,24,59,E03,19061478,Outside Fire,5/25/19,5/25/19,5/25/19 11:24,5/25/19 11:26,5/25/19 11:26,5/25/19 11:28,5/25/19 11:32,,,Fire,5/25/19 11:33,800 Block of VAN NESS AVE,San Francisco,94109,B02,3,3163,3,3,3,TRUE,Fire,1,ENGINE,1,2,6,Tenderloin,"(37.783136209539606, -122.4207135033626)"
191760055-E03,191760055,8.416666664,0,24,48,E03,19075085,Outside Fire,6/25/19,6/24/19,6/25/19 0:24,6/25/19 0:27,6/25/19 0:28,6/25/19 0:28,,,,Fire,6/25/19 0:33,TURK ST/HYDE ST,San Francisco,94102,B02,3,1554,3,3,3,FALSE,Fire,1,ENGINE,1,2,6,Tenderloin,"(37.78258503328092, -122.41569387210927)"
190670427-E03,190670427,8.466666666,5,30,1,E03,19028408,Outside Fire,3/8/19,3/7/19,3/8/19 5:30,3/8/19 5:31,3/8/19 5:31,3/8/19 5:33,3/8/19 5:35,,,Fire,3/8/19 5:38,400 Block of JONES ST,San Francisco,94102,B03,3,1461,3,3,3,TRUE,Fire,1,ENGINE,1,3,6,Tenderloin,"(37.785096096373, -122.412758759499)"
192830417-E36,192830417,8.583333339,5,3,25,E36,19121678,Outside Fire,10/10/19,10/9/19,10/10/19 5:03,10/10/19 5:06,10/10/19 5:06,10/10/19 5:09,10/10/19 5:11,,,Fire,10/10/19 5:12,MARKET ST/8TH ST,San Francisco,94103,B02,36,1551,3,3,3,TRUE,Fire,1,ENGINE,1,2,6,Tenderloin,"(37.778719428852966, -122.41474122302222)"
191592272-E03,191592272,8.66666667,15,24,23,E03,19067397,Outside Fire,6/8/19,6/8/19,6/8/19 15:24,6/8/19 15:25,6/8/19 15:26,6/8/19 15:27,6/8/19 15:28,,,Fire,6/8/19 15:33,800 Block of GEARY ST,San Francisco,94109,B04,3,1556,3,3,3,TRUE,Fire,1,ENGINE,1,4,6,Tenderloin,"(37.78615140146587, -122.41725762380497)"
192491635-E03,192491635,8.733333332,11,35,59,E03,19106194,Outside Fire,9/6/19,9/6/19,9/6/19 11:35,9/6/19 11:37,9/6/19 11:37,9/6/19 11:38,9/6/19 11:43,,,No Merit,9/6/19 11:44,TURK ST/POLK ST,San Francisco,94102,B02,3,3114,3,3,3,TRUE,Fire,1,ENGINE,1,2,6,Tenderloin,"(37.782169269196295, -122.4189932746367)"
190353742-E03,190353742,8.750000002,21,2,34,E03,19014840,Outside Fire,2/4/19,2/4/19,2/4/19 21:02,2/4/19 21:04,2/4/19 21:04,2/4/19 21:05,2/4/19 21:09,,,Fire,2/4/19 21:11,ELLIS ST/TAYLOR ST,San Francisco,94102,B03,3,1366,3,3,3,TRUE,Fire,1,ENGINE,1,3,6,Tenderloin,"(37.785074595614, -122.411139801067)"
192633516-E01,192633516,8.766666662,18,24,21,E01,19112762,Outside Fire,9/20/19,9/20/19,9/20/19 18:24,9/20/19 18:26,9/20/19 18:26,9/20/19 18:28,,,,No Merit,9/20/19 18:33,83-87 MCALLISTER ST,San Francisco,94102,B03,36,1455,3,3,3,TRUE,Fire,1,ENGINE,1,2,6,Tenderloin,"(37.78090607771665, -122.41340129915474)"
192440393-E36,192440393,8.766666673,3,37,14,E36,19103870,Outside Fire,9/1/19,8/31/19,9/1/19 3:37,9/1/19 3:38,9/1/19 3:38,9/1/19 3:40,9/1/19 3:44,,,Fire,9/1/19 3:46,900 Block of OFARRELL ST,San Francisco,94109,B04,3,3162,3,3,3,TRUE,Fire,1,ENGINE,1,2,6,Tenderloin,"(37.78480260511139, -122.42035958836092)"
190760119-E03,190760119,8.783333333,0,40,4,E03,19032319,Outside Fire,3/17/19,3/16/19,3/17/19 0:40,3/17/19 0:42,3/17/19 0:42,3/17/19 0:43,3/17/19 0:45,,,Fire,3/17/19 0:48,600 Block of GEARY ST,San Francisco,94102,B01,3,1462,3,3,3,TRUE,Fire,1,ENGINE,1,1,6,Tenderloin,"(37.786570554209, -122.413973061638)"
191603325-E03,191603325,8.783333333,19,54,59,E03,19068094,Outside Fire,6/9/19,6/9/19,6/9/19 19:54,6/9/19 19:56,6/9/19 19:57,6/9/19 19:58,6/9/19 20:00,,,Fire,6/9/19 20:03,GOLDEN GATE AV/POLK ST,San Francisco,94102,B02,3,3114,3,3,3,TRUE,Fire,1,ENGINE,1,2,6,Tenderloin,"(37.781235766051, -122.41880845160252)"
190030477-E41,190030477,8.800000004,7,1,30,E41,19000971,Outside Fire,1/3/19,1/2/19,1/3/19 7:01,1/3/19 7:03,1/3/19 7:03,1/3/19 7:05,1/3/19 7:09,,,Fire,1/3/19 7:10,POLK ST/CEDAR ST,San Francisco,94109,B04,3,3121,3,3,3,FALSE,Fire,1,ENGINE,1,4,6,Tenderloin,"(37.786358950503, -122.419833090702)"
193394413-E03,193394413,8.833333334,22,34,34,E03,19146613,Outside Fire,12/5/19,12/5/19,12/5/19 22:34,12/5/19 22:37,12/5/19 22:37,12/5/19 22:38,12/5/19 22:41,,,Fire,12/5/19 22:43,300 Block of EDDY ST,San Francisco,94102,B02,3,1545,3,3,3,TRUE,Fire,1,ENGINE,1,2,6,Tenderloin,"(37.78383851800258, -122.41377551205974)"
192370204-E36,192370204,8.866666665,1,14,18,E36,19100679,Outside Fire,8/25/19,8/24/19,8/25/19 1:14,8/25/19 1:16,8/25/19 1:16,8/25/19 1:18,8/25/19 1:21,,,Fire,8/25/19 1:23,200 Block of LARKIN ST,San Francisco,94102,B02,36,1645,3,3,3,TRUE,Fire,1,ENGINE,1,2,6,Tenderloin,"(37.780036110279944, -122.41678952429797)"
193313777-E03,193313777,8.883333325,21,49,30,E03,19143188,Outside Fire,11/27/19,11/27/19,11/27/19 21:49,11/27/19 21:52,11/27/19 21:52,11/27/19 21:53,11/27/19 21:54,,,Fire,11/27/19 21:58,CEDAR ST/POLK ST,San Francisco,94109,B04,3,1641,3,3,3,TRUE,Fire,1,ENGINE,1,4,6,Tenderloin,"(37.786358950502645, -122.41983309070173)"
192264113-E05,192264113,8.883333335,21,10,12,E05,19096241,Outside Fire,8/14/19,8/14/19,8/14/19 21:10,8/14/19 21:11,8/14/19 21:11,8/14/19 21:12,8/14/19 21:15,,,Fire,8/14/19 21:19,TURK ST/POLK ST,San Francisco,94102,B02,3,3114,3,3,3,TRUE,Fire,1,ENGINE,1,2,6,Tenderloin,"(37.782169269196295, -122.4189932746367)"
190061817-E03,190061817,8.899999995,15,10,22,E03,19002436,Outside Fire,1/6/19,1/6/19,1/6/19 15:10,1/6/19 15:12,1/6/19 15:12,1/6/19 15:13,1/6/19 15:16,,,Fire,1/6/19 15:19,300 Block of EDDY ST,San Francisco,94102,B02,3,1545,3,3,3,TRUE,Fire,1,ENGINE,1,2,6,Tenderloin,"(37.783838518003, -122.41377551206)"
193054484-E03,193054484,8.916666666,22,23,20,E03,19132134,Outside Fire,11/1/19,11/1/19,11/1/19 22:23,11/1/19 22:25,11/1/19 22:25,11/1/19 22:26,11/1/19 22:28,,,Fire,11/1/19 22:32,500 Block of ELLIS ST,San Francisco,94109,B02,3,1555,3,3,3,TRUE,Fire,1,ENGINE,1,2,6,Tenderloin,"(37.78447665902199, -122.41541417863054)"
191652513-E36,191652513,9.049999999,15,57,51,E36,19070690,Vehicle Fire,6/14/19,6/14/19,6/14/19 15:57,6/14/19 15:59,6/14/19 16:00,6/14/19 16:00,6/14/19 16:05,,,No Merit,6/14/19 16:06,LARKIN ST/MCALLISTER ST,San Francisco,94102,B02,36,1645,3,3,3,TRUE,Fire,1,ENGINE,1,2,6,Tenderloin,"(37.780470341341406, -122.41694760622579)"
190822445-E41,190822445,9.08333333,15,44,33,E41,19035085,Outside Fire,3/23/19,3/23/19,3/23/19 15:44,3/23/19 15:46,3/23/19 15:46,3/23/19 15:47,3/23/19 15:52,,,Fire,3/23/19 15:53,GEARY ST/LEAVENWORTH ST,San Francisco,94109,B04,3,1543,3,3,3,TRUE,Fire,1,ENGINE,1,4,6,Tenderloin,"(37.786519819113, -122.414806648229)"
191641479-E01,191641479,9.08333333,11,28,1,E01,19070145,Vehicle Fire,6/13/19,6/13/19,6/13/19 11:28,6/13/19 11:28,6/13/19 11:31,6/13/19 11:32,6/13/19 11:35,,,Fire,6/13/19 11:37,LARKIN ST/MCALLISTER ST,San Francisco,94102,B02,36,1645,3,3,3,TRUE,Fire,1,ENGINE,1,2,6,Tenderloin,"(37.780470341341406, -122.41694760622579)"
192680249-E03,192680249,9.116666671,2,33,52,E03,19114739,Outside Fire,9/25/19,9/24/19,9/25/19 2:33,9/25/19 2:34,9/25/19 2:35,9/25/19 2:36,9/25/19 2:38,,,Fire,9/25/19 2:42,OFARRELL ST/TAYLOR ST,San Francisco,94102,B01,3,1452,3,3,3,TRUE,Fire,1,ENGINE,1,3,3,Tenderloin,"(37.78599623590763, -122.41132558296614)"
191651687-E36,191651687,9.216666663,12,27,4,E36,19070599,Vehicle Fire,6/14/19,6/14/19,6/14/19 12:27,6/14/19 12:31,6/14/19 12:31,6/14/19 12:31,6/14/19 12:34,,,Fire,6/14/19 12:36,0 Block of GROVE ST,San Francisco,94102,B02,36,1552,3,3,3,TRUE,Fire,1,ENGINE,1,2,6,Tenderloin,"(37.77864809022452, -122.41741496364418)"
190170193-E03,190170193,9.249999993,1,55,12,E03,19006942,Outside Fire,1/17/19,1/16/19,1/17/19 1:55,1/17/19 1:55,1/17/19 1:55,1/17/19 1:57,1/17/19 1:59,,,Fire,1/17/19 2:04,ELLIS ST/TAYLOR ST,San Francisco,94102,B03,3,1366,B,3,3,TRUE,Fire,1,ENGINE,1,3,6,Tenderloin,"(37.785074595614, -122.411139801067)"
192893986-E36,192893986,9.333333336,20,11,27,E36,19124626,Outside Fire,10/16/19,10/16/19,10/16/19 20:11,10/16/19 20:13,10/16/19 20:13,10/16/19 20:14,10/16/19 20:18,,,Unable to Locate,10/16/19 20:20,200 Block of LARKIN ST,San Francisco,94102,B02,36,1645,3,3,3,TRUE,Fire,1,ENGINE,1,2,6,Tenderloin,"(37.780036110279944, -122.41678952429797)"
190832180-E03,190832180,9.366666666,14,26,25,E03 T03,19035499,Vehicle Fire,3/24/19,3/24/19,3/24/19 14:26,3/24/19 14:26,3/24/19 14:27,3/24/19 14:27,3/24/19 14:29,,,Fire,3/24/19 14:31,800 Block of ELLIS ST,San Francisco,94109,B02,3,3115,3,3,3,TRUE,Fire,1,ENGINE,1,2,6,Tenderloin,"(37.783872358006, -122.420175524725)"
192734583-E05,192734583,9.399999997,23,30,21,E05,19117544,Outside Fire,9/30/19,9/30/19,9/30/19 23:30,9/30/19 23:31,9/30/19 23:31,9/30/19 23:33,9/30/19 23:37,,,Fire,9/30/19 23:39,ELLIS ST/POLK ST,San Francisco,94109,B02,3,3115,3,3,3,TRUE,Fire,1,ENGINE,1,2,6,Tenderloin,"(37.78402911463967, -122.41936416787901)"
192922705-E01,192922705,9.400000008,17,1,8,E01 E03,19125859,Outside Fire,10/19/19,10/19/19,10/19/19 17:01,10/19/19 17:02,10/19/19 17:03,10/19/19 17:03,,,,Fire,10/19/19 17:05,500 Block of LEAVENWORTH ST,San Francisco,94109,B04,3,1544,3,3,3,TRUE,Fire,1,ENGINE,1,4,6,Tenderloin,"(37.78604244796681, -122.41478026415531)"
193001169-E36,193001169,9.5,9,7,3,E36,19129549,Outside Fire,10/27/19,10/27/19,10/27/19 9:07,10/27/19 9:07,10/27/19 9:07,10/27/19 9:08,10/27/19 9:11,,,Fire,10/27/19 9:16,POLK ST/GROVE ST,San Francisco,94102,B02,36,381,3,3,3,TRUE,Fire,1,ENGINE,1,2,6,Tenderloin,"(37.77848911714374, -122.41822658172849)"
191651231-E03,191651231,9.533333331,10,33,30,E03 T03,19070557,Vehicle Fire,6/14/19,6/14/19,6/14/19 10:33,6/14/19 10:33,6/14/19 10:33,6/14/19 10:34,6/14/19 10:36,,,Cancelled,6/14/19 10:38,200 Block of LARKIN ST,San Francisco,94102,B02,36,1645,C,3,3,TRUE,Fire,1,ENGINE,1,2,6,Tenderloin,"(37.780036110279944, -122.41678952429797)"
191293914-E03,191293914,9.666666663,21,16,24,E03,19054973,Outside Fire,5/9/19,5/9/19,5/9/19 21:16,5/9/19 21:17,5/9/19 21:18,5/9/19 21:18,5/9/19 21:21,,,No Merit,5/9/19 21:26,100 Block of JONES ST,San Francisco,94102,B03,3,1456,3,3,3,TRUE,Fire,1,ENGINE,1,3,6,Tenderloin,"(37.78254740004211, -122.41224793549479)"
193114365-E03,193114365,9.733333335,23,27,29,E03,19134666,Outside Fire,11/7/19,11/7/19,11/7/19 23:27,11/7/19 23:29,11/7/19 23:29,11/7/19 23:30,11/7/19 23:34,,,Fire,11/7/19 23:37,GOLDEN GATE AV/LEAVENWORTH ST,San Francisco,94102,B02,3,1546,3,3,3,TRUE,Fire,1,ENGINE,1,2,6,Tenderloin,"(37.7818633389979, -122.41386560301756)"
192954080-E05,192954080,9.766666666,20,22,53,E05,19127330,Outside Fire,10/22/19,10/22/19,10/22/19 20:22,10/22/19 20:24,10/22/19 20:24,10/22/19 20:25,10/22/19 20:29,,,Fire,10/22/19 20:32,POLK ST/OFARRELL ST,San Francisco,94109,B02,3,3115,3,3,3,TRUE,Fire,1,ENGINE,1,4,6,Tenderloin,"(37.784960259561764, -122.41954785494165)"
192110804-E03,192110804,9.849999998,8,17,6,E03,19089608,Outside Fire,7/30/19,7/30/19,7/30/19 8:17,7/30/19 8:18,7/30/19 8:18,7/30/19 8:20,7/30/19 8:22,,,Fire,7/30/19 8:26,DODGE ST/TURK ST,San Francisco,94102,B02,3,1554,3,3,3,TRUE,Fire,1,ENGINE,1,2,6,Tenderloin,"(37.78242041772211, -122.41698299639681)"
191623503-E02,191623503,9.850000008,18,24,57,E02,19069285,Outside Fire,6/11/19,6/11/19,6/11/19 18:24,6/11/19 18:28,6/11/19 18:28,6/11/19 18:28,6/11/19 18:32,,,Fire,6/11/19 18:34,OFARRELL ST/MASON ST,San Francisco,94102,B03,3,1363,3,3,3,TRUE,Fire,1,ENGINE,1,1,6,Tenderloin,"(37.78620266389108, -122.40968307213494)"
190030280-E03,190030280,9.899999999,3,58,38,E03,19000942,Outside Fire,1/3/19,1/2/19,1/3/19 3:58,1/3/19 3:59,1/3/19 3:59,1/3/19 4:01,1/3/19 4:03,,,Fire,1/3/19 4:08,100 Block of JONES ST,San Francisco,94102,B03,3,1456,3,3,3,TRUE,Fire,1,ENGINE,1,2,6,Tenderloin,"(37.782529744573, -122.412384547628)"
192870463-E03,192870463,9.95,5,43,16,E03,19123546,Outside Fire,10/14/19,10/13/19,10/14/19 5:43,10/14/19 5:46,10/14/19 5:46,10/14/19 5:48,10/14/19 5:52,,,Fire,10/14/19 5:53,200 Block of LARKIN ST,San Francisco,94102,B02,36,1645,3,3,3,TRUE,Fire,1,ENGINE,1,2,6,Tenderloin,"(37.780036110279944, -122.41678952429797)"
190381057-E03,190381057,9.983333331,9,40,15,E03,19015921,Outside Fire,2/7/19,2/7/19,2/7/19 9:40,2/7/19 9:43,2/7/19 9:44,2/7/19 9:46,2/7/19 9:48,,,Fire,2/7/19 9:50,LARKIN ST/EDDY ST,San Francisco,94109,B02,3,1643,3,3,3,TRUE,Fire,1,ENGINE,1,2,6,Tenderloin,"(37.783310888813, -122.417528774391)"
191120953-E01,191120953,9.983333331,8,37,0,E01,19047548,Outside Fire,4/22/19,4/22/19,4/22/19 8:37,4/22/19 8:38,4/22/19 8:40,4/22/19 8:41,4/22/19 8:44,,,No Merit,4/22/19 8:46,JONES ST/GOLDEN GATE AV,San Francisco,94102,B03,36,1455,3,3,3,TRUE,Fire,1,ENGINE,1,2,6,Tenderloin,"(37.7820730668609, -122.41222073685391)"
190013984-E03,190013984,10.06666665,23,17,2,E03 T03,19000460,Vehicle Fire,1/1/19,1/1/19,1/1/19 23:17,1/1/19 23:18,1/1/19 23:18,1/1/19 23:19,1/1/19 23:21,,,Fire,1/1/19 23:22,OFARRELL ST/HYDE ST,San Francisco,94109,B04,3,1544,3,3,3,TRUE,Fire,1,ENGINE,1,2,6,Tenderloin,"(37.78537597305, -122.416259705763)"
191110556-E03,191110556,10.1,5,51,50,E03,19047112,Outside Fire,4/21/19,4/20/19,4/21/19 5:51,4/21/19 5:53,4/21/19 5:53,4/21/19 5:54,4/21/19 5:56,,,Fire,4/21/19 6:01,100 Block of MCALLISTER ST,San Francisco,94102,B02,36,1553,3,3,3,TRUE,Fire,1,ENGINE,1,2,6,Tenderloin,"(37.78087725854987, -122.41450689871087)"
192904006-E03,192904006,10.13333333,20,27,36,E03 T03,19125091,Vehicle Fire,10/17/19,10/17/19,10/17/19 20:27,10/17/19 20:28,10/17/19 20:28,10/17/19 20:29,10/17/19 20:30,,,Fire,10/17/19 20:34,700 Block of ELLIS ST,San Francisco,94109,B02,3,3115,3,3,3,TRUE,Fire,1,ENGINE,1,2,6,Tenderloin,"(37.78418669094624, -122.41854619976692)"
193322262-E03,193322262,10.18333334,19,28,20,E03 E41,19143519,Outside Fire,11/28/19,11/28/19,11/28/19 19:28,11/28/19 19:28,11/28/19 19:29,11/28/19 19:29,11/28/19 19:30,,,Fire,11/28/19 19:35,POLK ST/CEDAR ST,San Francisco,94109,B04,3,3121,A,3,3,TRUE,Fire,1,ENGINE,1,4,6,Tenderloin,"(37.786358950502645, -122.41983309070173)"
190270255-E03,190270255,10.3,1,46,22,E03,19011152,Outside Fire,1/27/19,1/26/19,1/27/19 1:46,1/27/19 1:49,1/27/19 1:49,1/27/19 1:50,1/27/19 1:51,,,Fire,1/27/19 1:56,GEARY ST/LARKIN ST,San Francisco,94109,B04,3,1556,3,3,3,TRUE,Fire,1,ENGINE,1,4,6,Tenderloin,"(37.78610103882, -122.418088098825)"
190762544-E03,190762544,10.41666666,16,15,8,E03,19032601,Outside Fire,3/17/19,3/17/19,3/17/19 16:15,3/17/19 16:16,3/17/19 16:16,3/17/19 16:18,3/17/19 16:20,,,Fire,3/17/19 16:25,VAN NESS AV/EDDY ST,San Francisco,94109,B02,3,3163,3,3,3,TRUE,Fire,1,ENGINE,1,2,6,Tenderloin,"(37.782894121175, -122.420817005362)"
190042827-E03,190042827,10.41666667,17,38,48,E03,19001632,Outside Fire,1/4/19,1/4/19,1/4/19 17:38,1/4/19 17:38,1/4/19 17:39,1/4/19 17:41,1/4/19 17:44,,,Fire,1/4/19 17:49,0 Block of UNITED NATIONS PLZ,San Francisco,94102,B02,36,1551,C,3,3,TRUE,Fire,1,ENGINE,1,2,6,Tenderloin,"(37.779835867093, -122.414296503337)"
190013942-E03,190013942,10.48333333,22,53,35,E03,19000458,Vehicle Fire,1/1/19,1/1/19,1/1/19 22:53,1/1/19 22:59,1/1/19 22:59,1/1/19 23:00,1/1/19 23:02,,,Fire,1/1/19 23:04,EDDY ST/LARKIN ST,San Francisco,94109,B02,3,1643,3,3,3,TRUE,Fire,1,ENGINE,1,2,6,Tenderloin,"(37.783310888813, -122.417528774391)"
193620119-E01,193620119,10.48333333,1,5,13,E01,19156513,Outside Fire,12/28/19,12/27/19,12/28/19 1:05,12/28/19 1:07,12/28/19 1:07,12/28/19 1:09,12/28/19 1:13,,,Fire,12/28/19 1:15,1000 Block of MARKET ST,San Francisco,94102,B03,1,1454,3,3,3,TRUE,Fire,1,ENGINE,1,3,6,Tenderloin,"(37.78176159407453, -122.41105817541424)"
191232871-E01,191232871,10.53333333,17,24,52,E01,19052396,Outside Fire,5/3/19,5/3/19,5/3/19 17:24,5/3/19 17:25,5/3/19 17:25,5/3/19 17:27,5/3/19 17:32,,,Fire,5/3/19 17:35,OFARRELL ST/CYRIL MAGNIN ST,San Francisco,94102,B03,3,1363,3,3,3,TRUE,Fire,1,ENGINE,1,1,6,Tenderloin,"(37.78629591484877, -122.40894102910163)"
191832605-E03,191832605,10.61666667,16,5,31,E03 T03,19078257,Vehicle Fire,7/2/19,7/2/19,7/2/19 16:05,7/2/19 16:07,7/2/19 16:07,7/2/19 16:08,7/2/19 16:11,,,Fire,7/2/19 16:13,LARKIN ST/GOLDEN GATE AV,San Francisco,94102,B02,3,1644,3,3,3,TRUE,Fire,1,ENGINE,1,2,6,Tenderloin,"(37.78144749400219, -122.41714561341122)"
192371901-E03,192371901,10.78333333,13,4,28,E03,19100850,Outside Fire,8/25/19,8/25/19,8/25/19 13:04,8/25/19 13:05,8/25/19 13:06,8/25/19 13:08,8/25/19 13:10,,,Fire,8/25/19 13:15,300 Block of LARKIN ST,San Francisco,94102,B02,3,1644,3,3,3,TRUE,Fire,1,ENGINE,1,2,6,Tenderloin,"(37.78096763995524, -122.41697828301066)"
192310019-E36,192310019,10.93333333,0,8,31,E36,19098086,Outside Fire,8/19/19,8/18/19,8/19/19 0:08,8/19/19 0:09,8/19/19 0:10,8/19/19 0:12,8/19/19 0:16,,,Fire,8/19/19 0:19,TURK ST/LARKIN ST,San Francisco,94102,B02,3,1554,3,3,3,TRUE,Fire,1,ENGINE,1,2,6,Tenderloin,"(37.78237894335896, -122.41733888153023)"
193000587-E03,193000587,10.96666666,4,0,22,E03,19129472,Outside Fire,10/27/19,10/26/19,10/27/19 4:00,10/27/19 4:01,10/27/19 4:01,10/27/19 4:03,10/27/19 4:06,,,Fire,10/27/19 4:11,TURK ST/LARKIN ST,San Francisco,94102,B02,3,1554,3,3,3,TRUE,Fire,1,ENGINE,1,2,6,Tenderloin,"(37.78237894335896, -122.41733888153023)"
192681375-E03,192681375,11,9,51,2,E03,19114861,Outside Fire,9/25/19,9/25/19,9/25/19 9:51,9/25/19 9:51,9/25/19 9:52,9/25/19 9:53,9/25/19 9:59,,,Fire,9/25/19 10:02,100 Block of POLK ST,San Francisco,94102,B02,36,381,3,3,3,TRUE,Fire,1,ENGINE,1,2,6,Tenderloin,"(37.777732245268126, -122.41815914770872)"
190251402-B02,190251402,11.15,11,7,22,B02 E36 T03,19010397,Vehicle Fire,1/25/19,1/25/19,1/25/19 11:07,1/25/19 11:09,1/25/19 11:09,1/25/19 11:09,,,,Fire,1/25/19 11:11,LARKIN ST/MCALLISTER ST,San Francisco,94102,B02,36,1645,3,3,3,FALSE,Fire,1,CHIEF,1,2,6,Tenderloin,"(37.780470341341, -122.416947606226)"
193380437-E03,193380437,11.15,5,35,16,E03,19145740,Outside Fire,12/4/19,12/3/19,12/4/19 5:35,12/4/19 5:36,12/4/19 5:36,12/4/19 5:38,12/4/19 5:40,,,Fire,12/4/19 5:46,600 Block of EDDY ST,San Francisco,94109,B02,3,1643,3,3,3,TRUE,Fire,1,ENGINE,1,2,6,Tenderloin,"(37.78326038612958, -122.4183661541803)"
191861694-E36,191861694,11.18333334,12,23,5,E36 T03,19079399,Vehicle Fire,7/5/19,7/5/19,7/5/19 12:23,7/5/19 12:24,7/5/19 12:24,7/5/19 12:26,7/5/19 12:28,,,Fire,7/5/19 12:28,FULTON ST/LARKIN ST,San Francisco,94102,B02,36,1551,3,3,3,TRUE,Fire,1,ENGINE,1,2,6,Tenderloin,"(37.77958443579076, -122.41676809410758)"
190840737-E01,190840737,11.25,7,47,40,E01,19035763,Outside Fire,3/25/19,3/24/19,3/25/19 7:47,3/25/19 7:50,3/25/19 7:50,3/25/19 7:51,3/25/19 7:55,,,Fire,3/25/19 7:58,EDDY ST/MASON ST,San Francisco,94102,B03,3,1453,3,3,3,TRUE,Fire,1,ENGINE,1,3,6,Tenderloin,"(37.784349269397, -122.409309180702)"
190823954-E03,190823954,11.28333333,22,9,50,E03,19035229,Outside Fire,3/23/19,3/23/19,3/23/19 22:09,3/23/19 22:13,3/23/19 22:13,3/23/19 22:14,3/23/19 22:16,,,Fire,3/23/19 22:21,POLK ST/OFARRELL ST,San Francisco,94109,B02,3,3115,3,3,3,TRUE,Fire,1,ENGINE,1,4,6,Tenderloin,"(37.784960259562, -122.419547854942)"
193490502-E03,193490502,11.31666666,4,54,18,E03,19151080,Outside Fire,12/15/19,12/14/19,12/15/19 4:54,12/15/19 4:54,12/15/19 4:54,12/15/19 4:56,12/15/19 4:59,,,Fire,12/15/19 5:05,0 Block of OPAL PL,San Francisco,94102,B03,3,1456,C,3,3,TRUE,Fire,1,ENGINE,1,3,6,Tenderloin,"(37.782977561954965, -122.41049689617196)"
190761339-E36,190761339,11.33333333,10,38,36,E36,19032466,Outside Fire,3/17/19,3/17/19,3/17/19 10:38,3/17/19 10:42,3/17/19 10:43,3/17/19 10:43,,,,Unable to Locate,3/17/19 10:49,400 Block of HYDE ST,San Francisco,94109,B02,3,1555,3,3,3,TRUE,Fire,1,ENGINE,1,2,6,Tenderloin,"(37.784903681127, -122.416234049056)"
193390304-E03,193390304,11.36666666,4,3,53,E03,19146204,Outside Fire,12/5/19,12/4/19,12/5/19 4:03,12/5/19 4:06,12/5/19 4:06,12/5/19 4:08,12/5/19 4:10,,,Fire,12/5/19 4:15,GEARY ST/MASON ST,San Francisco,94102,B01,3,1411,3,3,3,TRUE,Fire,1,ENGINE,1,1,3,Tenderloin,"(37.787149142759, -122.40987401756219)"
191644042-B04,191644042,11.51666668,22,5,45,B04 E03 T03,19070397,Outside Fire,6/13/19,6/13/19,6/13/19 22:05,6/13/19 22:05,6/13/19 22:06,6/13/19 22:06,,,,No Merit,6/13/19 22:10,HYDE ST/TURK ST,San Francisco,94102,B02,3,1554,A,3,3,FALSE,Fire,1,CHIEF,3,2,6,Tenderloin,"(37.78258503328092, -122.41569387210927)"
190271425-E36,190271425,11.58333333,11,34,44,E36 T03,19011272,Vehicle Fire,1/27/19,1/27/19,1/27/19 11:34,1/27/19 11:36,1/27/19 11:37,1/27/19 11:38,,,,Fire,1/27/19 11:40,LARKIN ST/FULTON ST,San Francisco,94102,B02,36,1645,3,3,3,TRUE,Fire,1,ENGINE,1,2,6,Tenderloin,"(37.779584435791, -122.416768094108)"
192060354-E03,192060354,11.6,4,48,48,E03,19087492,Outside Fire,7/25/19,7/24/19,7/25/19 4:48,7/25/19 4:49,7/25/19 4:49,7/25/19 4:51,7/25/19 4:53,,,Fire,7/25/19 5:00,TURK ST/LARKIN ST,San Francisco,94102,B02,3,1554,3,3,3,TRUE,Fire,1,ENGINE,1,2,6,Tenderloin,"(37.78237894335896, -122.41733888153023)"
191493285-E36,191493285,11.61666667,18,6,0,E36,19063201,Outside Fire,5/29/19,5/29/19,5/29/19 18:06,5/29/19 18:06,5/29/19 18:06,5/29/19 18:07,5/29/19 18:10,,,Fire,5/29/19 18:17,LARKIN ST/MCALLISTER ST,San Francisco,94102,B02,36,1645,3,3,3,TRUE,Fire,1,ENGINE,1,2,6,Tenderloin,"(37.780470341341406, -122.41694760622579)"
192093426-E03,192093426,11.61666667,18,28,32,E03,19089048,Outside Fire,7/28/19,7/28/19,7/28/19 18:28,7/28/19 18:31,7/28/19 18:31,7/28/19 18:33,7/28/19 18:35,,,Fire,7/28/19 18:40,300 Block of POWELL ST,San Francisco,94102,B01,2,1362,3,3,3,TRUE,Fire,1,ENGINE,1,1,3,Tenderloin,"(37.78781815577055, -122.40838259859991)"
193642794-E01,193642794,11.71666667,17,23,47,E01,19157628,Outside Fire,12/30/19,12/30/19,12/30/19 17:23,12/30/19 17:28,12/30/19 17:28,12/30/19 17:29,12/30/19 17:34,,,Fire,12/30/19 17:35,0 Block of POWELL ST,San Francisco,94102,B03,1,1364,3,3,3,TRUE,Fire,1,ENGINE,1,3,3,Tenderloin,"(37.78508671524475, -122.40784389668741)"
191632301-E03,191632301,11.75,13,23,43,E03 E29 T01,19069710,Vehicle Fire,6/12/19,6/12/19,6/12/19 13:23,6/12/19 13:24,6/12/19 13:25,6/12/19 13:25,6/12/19 13:26,,,Fire,6/12/19 13:28,200 Block of LARKIN ST,San Francisco,94102,B02,36,1645,3,3,3,TRUE,Fire,1,ENGINE,1,2,6,Tenderloin,"(37.780036110279944, -122.41678952429797)"
192670277-E03,192670277,11.8,3,31,57,E03,19114273,Outside Fire,9/24/19,9/23/19,9/24/19 3:31,9/24/19 3:31,9/24/19 3:32,9/24/19 3:33,9/24/19 3:36,,,Fire,9/24/19 3:43,ELLIS ST/JONES ST,San Francisco,94102,B03,3,1461,B,3,3,TRUE,Fire,1,ENGINE,1,2,6,Tenderloin,"(37.78486624373789, -122.4127821282671)"
190600159-E03,190600159,11.83333333,1,8,24,E03,19025313,Outside Fire,3/1/19,2/28/19,3/1/19 1:08,3/1/19 1:12,3/1/19 1:13,3/1/19 1:15,,,,Fire,3/1/19 1:20,400 Block of ELLIS ST,San Francisco,94102,B03,3,1461,3,3,3,TRUE,Fire,1,ENGINE,1,2,6,Tenderloin,"(37.784807388677, -122.413615438263)"
191931978-E41,191931978,11.85,13,16,36,E41,19082266,Outside Fire,7/12/19,7/12/19,7/12/19 13:16,7/12/19 13:18,7/12/19 13:18,7/12/19 13:20,7/12/19 13:25,,,Fire,7/12/19 13:28,SHANNON ST/GEARY ST,San Francisco,94102,B01,3,1462,3,3,3,TRUE,Fire,1,ENGINE,1,1,6,Tenderloin,"(37.78683451234463, -122.4123403031764)"
191481512-E36,191481512,11.89999999,11,6,25,E36,19062637,Outside Fire,5/28/19,5/28/19,5/28/19 11:06,5/28/19 11:07,5/28/19 11:07,5/28/19 11:08,5/28/19 11:10,,,Fire,5/28/19 11:18,1200 Block of MARKET ST,San Francisco,94102,B02,36,1646,3,3,3,TRUE,Fire,1,ENGINE,1,2,6,Tenderloin,"(37.77830293778152, -122.41543683733727)"
190370681-E03,190370681,11.96666667,7,48,21,E03,19015424,Outside Fire,2/6/19,2/5/19,2/6/19 7:48,2/6/19 7:51,2/6/19 7:52,2/6/19 7:52,2/6/19 7:55,,,Fire,2/6/19 8:00,TURK ST/POLK ST,San Francisco,94102,B02,3,3114,3,3,3,TRUE,Fire,1,ENGINE,1,2,6,Tenderloin,"(37.782169269196, -122.418993274637)"
192550521-E03,192550521,11.98333333,6,46,5,E03,19108704,Outside Fire,9/12/19,9/11/19,9/12/19 6:46,9/12/19 6:48,9/12/19 6:48,9/12/19 6:50,9/12/19 6:52,,,Fire,9/12/19 6:58,500 Block of OFARRELL ST,San Francisco,94102,B04,3,1544,3,3,3,TRUE,Fire,1,ENGINE,1,1,6,Tenderloin,"(37.785740281867334, -122.41380426791132)"
192094037-E36,192094037,12.1,21,26,24,E36,19089101,Outside Fire,7/28/19,7/28/19,7/28/19 21:26,7/28/19 21:26,7/28/19 21:27,7/28/19 21:29,7/28/19 21:32,,,Fire,7/28/19 21:38,GROVE ST/HYDE ST,San Francisco,94103,B02,36,1552,3,3,3,TRUE,Fire,1,ENGINE,1,2,6,Tenderloin,"(37.778719428852966, -122.41474122302222)"
192314078-E03,192314078,12.16666667,20,54,37,E03,19098452,Outside Fire,8/19/19,8/19/19,8/19/19 20:54,8/19/19 20:55,8/19/19 20:56,8/19/19 20:57,8/19/19 20:59,,,Fire,8/19/19 21:06,MASON ST/OFARRELL ST,San Francisco,94102,B03,3,1366,3,3,3,TRUE,Fire,1,ENGINE,1,1,6,Tenderloin,"(37.78620266389108, -122.40968307213494)"
192810236-E36,192810236,12.25,2,48,9,E36,19120709,Outside Fire,10/8/19,10/7/19,10/8/19 2:48,10/8/19 2:49,10/8/19 2:49,10/8/19 2:51,10/8/19 2:55,,,Fire,10/8/19 3:00,MARKET ST/8TH ST,San Francisco,94103,B02,36,1551,3,3,3,TRUE,Fire,1,ENGINE,1,2,6,Tenderloin,"(37.778719428852966, -122.41474122302222)"
193100203-E03,193100203,12.46666667,2,15,23,E03,19133878,Outside Fire,11/6/19,11/5/19,11/6/19 2:15,11/6/19 2:17,11/6/19 2:18,11/6/19 2:19,11/6/19 2:23,,,Fire,11/6/19 2:27,300 Block of ELLIS ST,San Francisco,94102,B03,3,1461,3,3,3,TRUE,Fire,1,ENGINE,1,3,6,Tenderloin,"(37.78491618436334, -122.41195004222199)"
191583166-E36,191583166,12.58333333,18,3,49,E36 T03,19066978,Vehicle Fire,6/7/19,6/7/19,6/7/19 18:03,6/7/19 18:05,6/7/19 18:06,6/7/19 18:07,,,,Fire,6/7/19 18:10,LARKIN ST/MCALLISTER ST,San Francisco,94102,B02,36,1645,3,3,3,TRUE,Fire,1,ENGINE,1,2,6,Tenderloin,"(37.780470341341406, -122.41694760622579)"
190133358-E03,190133358,12.68333333,21,13,32,E03,19005504,Outside Fire,1/13/19,1/13/19,1/13/19 21:13,1/13/19 21:13,1/13/19 21:14,1/13/19 21:15,1/13/19 21:18,,,Fire,1/13/19 21:26,MCALLISTER ST/HYDE ST,San Francisco,94102,B02,36,1553,3,3,3,TRUE,Fire,1,ENGINE,1,2,6,Tenderloin,"(37.780719176876, -122.415315616471)"
190740562-E03,190740562,12.75,6,57,41,E03,19031502,Outside Fire,3/15/19,3/14/19,3/15/19 6:57,3/15/19 6:59,3/15/19 7:01,3/15/19 7:02,3/15/19 7:05,,,Fire,3/15/19 7:10,300 Block of ELLIS ST,San Francisco,94102,B03,3,1461,3,3,3,TRUE,Fire,1,ENGINE,1,3,6,Tenderloin,"(37.785024660689, -122.411971890566)"
192381519-E03,192381519,12.96666667,11,21,41,E03,19101233,Outside Fire,8/26/19,8/26/19,8/26/19 11:21,8/26/19 11:21,8/26/19 11:22,8/26/19 11:22,8/26/19 11:24,,,Fire,8/26/19 11:34,CEDAR ST/POLK ST,San Francisco,94109,B04,3,1641,A,3,3,TRUE,Fire,1,ENGINE,1,4,6,Tenderloin,"(37.786358950502645, -122.41983309070173)"
190582186-E36,190582186,12.99999999,14,22,14,E36 T03,19024651,Vehicle Fire,2/27/19,2/27/19,2/27/19 14:22,2/27/19 14:23,2/27/19 14:24,2/27/19 14:26,2/27/19 14:28,,,Fire,2/27/19 14:28,LARKIN ST/MCALLISTER ST,San Francisco,94102,B02,36,1645,3,3,3,TRUE,Fire,1,ENGINE,2,2,6,Tenderloin,"(37.780470341341, -122.416947606226)"
190220776-E36,190220776,13.06666666,8,12,11,E36,19009140,Outside Fire,1/22/19,1/22/19,1/22/19 8:12,1/22/19 8:13,1/22/19 8:13,1/22/19 8:14,1/22/19 8:15,,,Fire,1/22/19 8:25,HAYES ST/LARKIN ST,San Francisco,94102,B02,36,1646,3,3,3,TRUE,Fire,1,ENGINE,1,2,6,Tenderloin,"(37.777722751007, -122.416401071795)"
192113953-E01,192113953,13.1,21,25,59,E01,19089884,Outside Fire,7/30/19,7/30/19,7/30/19 21:25,7/30/19 21:29,7/30/19 21:29,7/30/19 21:31,7/30/19 21:34,,,Fire,7/30/19 21:39,200 Block of TAYLOR ST,San Francisco,94102,B03,3,1453,3,3,3,TRUE,Fire,1,ENGINE,1,3,6,Tenderloin,"(37.78461648045499, -122.4109773709145)"
193120292-E36,193120292,13.11666667,3,31,54,E36,19134717,Outside Fire,11/8/19,11/7/19,11/8/19 3:31,11/8/19 3:35,11/8/19 3:35,11/8/19 3:37,11/8/19 3:39,,,Fire,11/8/19 3:45,200 Block of LARKIN ST,San Francisco,94102,B02,36,1645,3,3,3,FALSE,Fire,1,ENGINE,1,2,6,Tenderloin,"(37.780036110279944, -122.41678952429797)"
191614176-E03,191614176,13.33333334,20,54,53,E03,19068775,Outside Fire,6/10/19,6/10/19,6/10/19 20:54,6/10/19 20:56,6/10/19 20:57,6/10/19 20:59,6/10/19 21:01,,,Fire,6/10/19 21:08,600 Block of POLK ST,San Francisco,94102,B02,3,3114,3,3,3,TRUE,Fire,1,ENGINE,1,2,6,Tenderloin,"(37.78264403568836, -122.41901915724246)"
192610879-E03,192610879,13.81666667,8,31,0,E03,19111616,Outside Fire,9/18/19,9/18/19,9/18/19 8:31,9/18/19 8:34,9/18/19 8:35,9/18/19 8:37,9/18/19 8:40,,,Fire,9/18/19 8:44,MCALLISTER ST/LARKIN ST,San Francisco,94102,B02,36,1553,3,3,3,TRUE,Fire,1,ENGINE,1,2,6,Tenderloin,"(37.780470341341406, -122.41694760622579)"
192333136-E36,192333136,14.76666666,16,13,15,E36,19099198,Outside Fire,8/21/19,8/21/19,8/21/19 16:13,8/21/19 16:13,8/21/19 16:13,8/21/19 16:14,8/21/19 16:17,,,Fire,8/21/19 16:28,8TH ST/MARKET ST,San Francisco,94103,B02,36,1551,I,3,3,TRUE,Fire,1,ENGINE,1,2,6,Tenderloin,"(37.778719428852966, -122.41474122302222)"
192980351-E03,192980351,15.01666667,3,49,33,E03,19128490,Outside Fire,10/25/19,10/24/19,10/25/19 3:49,10/25/19 3:51,10/25/19 3:51,10/25/19 3:53,10/25/19 3:55,,,Fire,10/25/19 4:04,HYDE ST/EDDY ST,San Francisco,94102,B02,3,1554,3,3,3,TRUE,Fire,1,ENGINE,1,2,6,Tenderloin,"(37.78351564008294, -122.41588254066856)"
191643618-E36,191643618,15.26666667,19,42,1,E36 T03,19070347,Vehicle Fire,6/13/19,6/13/19,6/13/19 19:42,6/13/19 19:44,6/13/19 19:45,6/13/19 19:46,6/13/19 19:49,,,Fire,6/13/19 19:49,0 Block of GROVE ST,San Francisco,94102,B02,36,1647,3,3,3,TRUE,Fire,1,ENGINE,1,2,6,Tenderloin,"(37.77883231587925, -122.41564248785478)"
191782554-E36,191782554,15.3,16,18,28,E36 T03,19076138,Vehicle Fire,6/27/19,6/27/19,6/27/19 16:18,6/27/19 16:21,6/27/19 16:21,6/27/19 16:23,6/27/19 16:25,,,No Merit,6/27/19 16:26,MCALLISTER ST/LARKIN ST,San Francisco,94102,B02,36,1553,3,3,3,TRUE,Fire,1,ENGINE,2,2,6,Tenderloin,"(37.780470341341406, -122.41694760622579)"
191951700-E03,191951700,15.51666666,13,3,13,E03 T03,19083049,Vehicle Fire,7/14/19,7/14/19,7/14/19 13:03,7/14/19 13:04,7/14/19 13:04,7/14/19 13:05,7/14/19 13:06,,,Fire,7/14/19 13:11,800 Block of POST ST,San Francisco,94109,B04,3,1543,3,3,3,TRUE,Fire,1,ENGINE,1,4,6,Tenderloin,"(37.78729529285916, -122.41580612874544)"
193244015-E36,193244015,15.53333335,20,41,50,E36 T03,19140215,Vehicle Fire,11/20/19,11/20/19,11/20/19 20:41,11/20/19 20:43,11/20/19 20:43,11/20/19 20:44,11/20/19 20:47,,,Fire,11/20/19 20:49,0 Block of DR CARLTON B GOODLETT PL,San Francisco,94102,B02,36,381,3,3,3,TRUE,Fire,1,ENGINE,1,2,6,Tenderloin,"(37.7793825808027, -122.41848437228396)"
191631542-E03,191631542,15.66666665,10,30,47,E03 T05,19069599,Vehicle Fire,6/12/19,6/12/19,6/12/19 10:30,6/12/19 10:32,6/12/19 10:34,6/12/19 10:34,6/12/19 10:39,,,Fire,6/12/19 10:39,LARKIN ST/MCALLISTER ST,San Francisco,94102,B02,36,1645,3,3,3,TRUE,Fire,1,ENGINE,1,2,6,Tenderloin,"(37.780470341341406, -122.41694760622579)"
191581513-E36,191581513,15.86666668,11,28,4,E36 T03,19066840,Vehicle Fire,6/7/19,6/7/19,6/7/19 11:28,6/7/19 11:31,6/7/19 11:32,6/7/19 11:33,,,,Fire,6/7/19 11:36,LARKIN ST/MCALLISTER ST,San Francisco,94102,B02,36,1645,3,3,3,TRUE,Fire,1,ENGINE,2,2,6,Tenderloin,"(37.780470341341406, -122.41694760622579)"
190202390-E03,190202390,16.28333334,16,43,30,E03,19008536,Outside Fire,1/20/19,1/20/19,1/20/19 16:43,1/20/19 16:45,1/20/19 16:45,1/20/19 16:46,1/20/19 16:51,,,Fire,1/20/19 16:59,WILLOW ST/LARKIN ST,San Francisco,94109,B02,3,1643,3,3,3,TRUE,Fire,1,ENGINE,1,2,6,Tenderloin,"(37.783777522343, -122.417618573606)"
191750535-E36,191750535,16.3,7,4,11,E36,19074753,Outside Fire,6/24/19,6/23/19,6/24/19 7:04,6/24/19 7:05,6/24/19 7:07,6/24/19 7:08,6/24/19 7:11,,,Fire,6/24/19 7:20,200 Block of MCALLISTER ST,San Francisco,94102,B02,36,1553,3,3,3,TRUE,Fire,1,ENGINE,1,2,6,Tenderloin,"(37.78072131202195, -122.41573776716422)"
192453683-E41,192453683,17.21666666,20,46,42,E41 T03,19104633,Outside Fire,9/2/19,9/2/19,9/2/19 20:46,9/2/19 20:47,9/2/19 20:48,9/2/19 20:50,9/2/19 20:52,,,Fire,9/2/19 20:55,TURK ST/JONES ST,San Francisco,94102,B03,3,1456,3,3,3,TRUE,Fire,1,ENGINE,2,2,6,Tenderloin,"(37.78300407767704, -122.41241174748173)"
190774253-E03,190774253,17.5,23,31,23,E03,19033204,Outside Fire,3/18/19,3/18/19,3/18/19 23:31,3/18/19 23:31,3/18/19 23:31,3/18/19 23:32,3/18/19 23:35,,,Fire,3/18/19 23:48,VAN NESS AV/HAYES ST,San Francisco,94102,B02,36,3166,3,3,3,TRUE,Fire,1,ENGINE,1,2,6,Tenderloin,"(37.777299856043, -122.419693565739)"
191343800-E03,191343800,18.06666667,21,32,37,E03,19057064,Outside Fire,5/14/19,5/14/19,5/14/19 21:32,5/14/19 21:36,5/14/19 21:36,5/14/19 21:38,5/14/19 21:41,,,Fire,5/14/19 21:50,200 Block of OFARRELL ST,San Francisco,94102,B03,3,1363,3,3,3,TRUE,Fire,1,ENGINE,1,3,3,Tenderloin,"(37.786298513847754, -122.40847780966403)"
191651761-E36,191651761,18.48333334,12,48,3,E36 T01,19070612,Vehicle Fire,6/14/19,6/14/19,6/14/19 12:48,6/14/19 12:50,6/14/19 12:51,6/14/19 12:51,6/14/19 12:57,,,Fire,6/14/19 13:00,LARKIN ST/FULTON ST,San Francisco,94102,B02,36,1645,3,3,3,TRUE,Fire,1,ENGINE,1,2,6,Tenderloin,"(37.77958443579076, -122.41676809410758)"
190633366-E01,190633366,18.55,19,14,16,E01,19027019,Outside Fire,3/4/19,3/4/19,3/4/19 19:14,3/4/19 19:16,3/4/19 19:16,3/4/19 19:17,3/4/19 19:19,,,Fire,3/4/19 19:32,0 Block of TURK ST,San Francisco,94102,B03,1,1365,3,3,3,TRUE,Fire,1,ENGINE,1,3,6,Tenderloin,"(37.783386237938, -122.409853729941)"
192133149-E03,192133149,18.9,18,1,37,E03,19090659,Outside Fire,8/1/19,8/1/19,8/1/19 18:01,8/1/19 18:02,8/1/19 18:03,8/1/19 18:03,8/1/19 18:05,,,Fire,8/1/19 18:20,POLK ST/OFARRELL ST,San Francisco,94109,B02,3,3115,3,3,3,TRUE,Fire,1,ENGINE,1,4,6,Tenderloin,"(37.784960259561764, -122.41954785494165)"
190372445-E01,190372445,19,15,0,30,E01 T04,19015576,Vehicle Fire,2/6/19,2/6/19,2/6/19 15:00,2/6/19 15:02,2/6/19 15:02,2/6/19 15:03,,,,Fire,2/6/19 15:10,LARKIN ST/GOLDEN GATE AV,San Francisco,94102,B02,3,1644,3,3,3,TRUE,Fire,1,ENGINE,2,2,6,Tenderloin,"(37.781447494002, -122.417145613411)"
191452595-E36,191452595,19.70000001,17,11,48,E36,19061606,Outside Fire,5/25/19,5/25/19,5/25/19 17:11,5/25/19 17:13,5/25/19 17:13,5/25/19 17:15,,,,Fire,5/25/19 17:31,WILLOW ST/POLK ST,San Francisco,94109,B02,3,3115,3,3,3,TRUE,Fire,1,ENGINE,1,2,6,Tenderloin,"(37.783567784008795, -122.41927343496383)"
190210206-E36,190210206,20.95,2,19,15,E36,19008699,Outside Fire,1/21/19,1/20/19,1/21/19 2:19,1/21/19 2:19,1/21/19 2:20,1/21/19 2:22,1/21/19 2:25,,,Fire,1/21/19 2:40,EDDY ST/POLK ST,San Francisco,94109,B02,3,3115,3,3,3,TRUE,Fire,1,ENGINE,1,2,6,Tenderloin,"(37.783101399277, -122.419181705034)"
191392274-E03,191392274,21.31666666,15,37,24,E03 E41 T03,19059047,Vehicle Fire,5/19/19,5/19/19,5/19/19 15:37,5/19/19 15:39,5/19/19 15:39,5/19/19 15:39,5/19/19 15:40,,,Fire,5/19/19 15:51,LARKIN ST/OFARRELL ST,San Francisco,94109,B04,3,1642,3,3,3,TRUE,Fire,1,ENGINE,1,2,6,Tenderloin,"(37.78516721469871, -122.41790141135981)"
191840870-E03,191840870,21.35000001,8,44,2,E03 T03,19078505,Vehicle Fire,7/3/19,7/3/19,7/3/19 8:44,7/3/19 8:46,7/3/19 8:46,7/3/19 8:47,7/3/19 8:52,,,No Merit,7/3/19 8:56,LARKIN ST/MCALLISTER ST,San Francisco,94102,B02,36,1645,3,3,3,TRUE,Fire,1,ENGINE,1,2,6,Tenderloin,"(37.780470341341406, -122.41694760622579)"
191861412-E03,191861412,21.53333333,11,6,22,E03,19079364,Outside Fire,7/5/19,7/5/19,7/5/19 11:06,7/5/19 11:09,7/5/19 11:09,7/5/19 11:10,7/5/19 11:13,,,Fire,7/5/19 11:27,600 Block of OFARRELL ST,San Francisco,94109,B04,3,1544,3,3,3,TRUE,Fire,1,ENGINE,1,2,6,Tenderloin,"(37.78543647986955, -122.41533612902022)"
190073836-E01,190073836,22,22,48,2,E01,19003079,Vehicle Fire,1/7/19,1/7/19,1/7/19 22:48,1/7/19 22:50,1/7/19 22:50,1/7/19 22:52,1/7/19 22:55,,,Fire,1/7/19 23:10,200 Block of EDDY ST,San Francisco,94102,B03,3,1453,3,3,3,TRUE,Fire,1,ENGINE,1,3,6,Tenderloin,"(37.783982558749, -122.411762530716)"
191640923-E03,191640923,23.8,8,55,30,E03,19070088,Outside Fire,6/13/19,6/13/19,6/13/19 8:55,6/13/19 8:57,6/13/19 8:57,6/13/19 8:59,6/13/19 9:02,,,Fire,6/13/19 9:19,POLK ST/ALICE B TOKLAS PL,San Francisco,94109,B04,3,3116,3,3,3,TRUE,Fire,1,ENGINE,1,4,6,Tenderloin,"(37.7854330360145, -122.41963899047438)"
193170514-E03,193170514,24.71666666,7,1,28,E03,19136866,Outside Fire,11/13/19,11/12/19,11/13/19 7:01,11/13/19 7:02,11/13/19 7:02,11/13/19 7:03,11/13/19 7:06,,,Fire,11/13/19 7:26,LEAVENWORTH ST/POST ST,San Francisco,94109,B04,3,1543,3,3,3,TRUE,Fire,1,ENGINE,1,4,6,Tenderloin,"(37.787453843235724, -122.41499542307717)"
191622569-E02,191622569,25.41666667,15,22,3,E02,19069165,Outside Fire,6/11/19,6/11/19,6/11/19 15:22,6/11/19 15:22,6/11/19 15:22,6/11/19 15:24,,,,Fire,6/11/19 15:47,LEAVENWORTH ST/POST ST,San Francisco,94109,B04,3,1543,A,3,3,TRUE,Fire,1,ENGINE,1,4,6,Tenderloin,"(37.787453843235724, -122.41499542307717)"
190210199-E03,190210199,26.1,2,12,55,E03,19008698,Outside Fire,1/21/19,1/20/19,1/21/19 2:12,1/21/19 2:14,1/21/19 2:14,1/21/19 2:15,1/21/19 2:16,,,Fire,1/21/19 2:39,800 Block of BLK OFARRELL ST,San Francisco,94109,B04,3,1642,3,3,3,TRUE,Fire,1,ENGINE,1,2,6,Tenderloin,"(37.784929521282, -122.417921890967)"
192071239-E03,192071239,27.51666667,10,30,37,E03 E36,19087991,Outside Fire,7/26/19,7/26/19,7/26/19 10:30,7/26/19 10:30,7/26/19 10:32,7/26/19 10:32,7/26/19 10:34,,,Fire,7/26/19 10:54,LEAVENWORTH ST/MCALLISTER ST,San Francisco,94102,B03,36,1455,3,3,3,TRUE,Fire,1,ENGINE,1,2,6,Tenderloin,"(37.78092685441434, -122.41367636290894)"
192473118-93,192473118,32.99999996,16,15,38,93 B07 E16 E35 E51 FB3 RB1 RWC1 RWC2 T16,19105434,Other,9/4/19,9/4/19,9/4/19 16:15,9/4/19 16:16,9/4/19 16:17,9/4/19 16:17,,,,Cancelled,9/4/19 16:18,100 Block of GOLDEN GATE AVE,San Francisco,94102,B99,51,4616,3,3,3,TRUE,Fire,1,MEDIC,1,2,6,Tenderloin,"(37.78202243717766, -122.4130541482534)"
192830208-B04,192830208,33.96666667,2,19,7,B04 E03 T03 T05,19121637,Outside Fire,10/10/19,10/9/19,10/10/19 2:19,10/10/19 2:20,10/10/19 2:21,10/10/19 2:23,10/10/19 2:26,,,Fire,10/10/19 2:30,POST ST/LARKIN ST,San Francisco,94109,B04,3,1641,3,3,3,FALSE,Fire,1,CHIEF,3,4,6,Tenderloin,"(37.78703794622671, -122.4182709824337)"
192591413-B02,192591413,38.31666667,10,50,32,B02 E03 T05,19110778,Outside Fire,9/16/19,9/16/19,9/16/19 10:50,9/16/19 10:51,9/16/19 10:56,9/16/19 10:57,,,,Fire,9/16/19 11:05,1100 Block of VAN NESS AVE,San Francisco,94109,B04,3,3161,3,3,3,FALSE,Fire,1,CHIEF,3,4,6,Tenderloin,"(37.78592356690232, -122.42125420226817)"
190051922-E38,190051922,41.23333333,14,54,22,E38 E41,19002016,Outside Fire,1/5/19,1/5/19,1/5/19 14:54,1/5/19 14:54,1/5/19 14:55,1/5/19 14:55,,,,Fire,1/5/19 15:34,GEARY ST/LARKIN ST,San Francisco,94109,B04,3,1556,3,3,3,TRUE,Fire,1,ENGINE,2,4,6,Tenderloin,"(37.78610103882, -122.418088098825)"
192864137-E03,192864137,42.85,23,59,49,E03 T03,19123488,Vehicle Fire,10/13/19,10/13/19,10/13/19 23:59,10/14/19 0:01,10/14/19 0:01,10/14/19 0:03,10/14/19 0:04,,,Fire,10/14/19 0:30,700 Block of ELLIS ST,San Francisco,94109,B02,3,3115,3,3,3,TRUE,Fire,1,ENGINE,1,2,6,Tenderloin,"(37.78407816819691, -122.4185247212395)"
190123353-E03,190123353,43.94999998,19,41,16,E03 T03,19005072,Vehicle Fire,1/12/19,1/12/19,1/12/19 19:41,1/12/19 19:42,1/12/19 19:42,1/12/19 19:43,1/12/19 19:45,,,Fire,1/12/19 20:03,HYDE ST/ELLIS ST,San Francisco,94109,B02,3,1555,3,3,3,TRUE,Fire,1,ENGINE,1,2,6,Tenderloin,"(37.784448840667, -122.416071735104)"
192573704-B02,192573704,44.48333333,20,4,6,B02 E03 T03,19110085,Structure Fire,9/14/19,9/14/19,9/14/19 20:04,9/14/19 20:05,9/14/19 20:05,9/14/19 20:06,9/14/19 20:09,,,Fire,9/14/19 20:18,400 Block of TURK ST,San Francisco,94102,B02,3,1554,3,3,3,FALSE,Fire,1,CHIEF,3,2,6,Tenderloin,"(37.78244849821827, -122.41632744176792)"
190950339-81,190950339,47.96666667,3,41,32,81 E13,19040334,Outside Fire,4/5/19,4/4/19,4/5/19 3:41,4/5/19 3:42,4/5/19 3:49,4/5/19 3:49,4/5/19 3:49,,,Fire,4/5/19 4:18,400 Block of MASON ST,San Francisco,94102,B01,3,1411,3,3,3,TRUE,Fire,1,MEDIC,1,1,3,Tenderloin,"(37.78776409901, -122.409925328419)"
191050116-B01,191050116,49.18333333,0,50,58,B01 E03 T03,19044467,Structure Fire,4/15/19,4/14/19,4/15/19 0:50,4/15/19 0:54,4/15/19 0:54,4/15/19 0:56,4/15/19 0:59,,,Fire,4/15/19 1:07,400 Block of GEARY ST,San Francisco,94102,B01,3,1411,3,3,3,FALSE,Fire,1,CHIEF,2,1,3,Tenderloin,"(37.78709865762372, -122.41070587829728)"
190700936-E36,190700936,51.89999999,9,3,39,E36 T01,19029761,Vehicle Fire,3/11/19,3/11/19,3/11/19 9:03,3/11/19 9:05,3/11/19 9:05,3/11/19 9:06,3/11/19 9:11,,,Fire,3/11/19 9:42,GOLDEN GATE AV/JONES ST,San Francisco,94102,B03,1,1454,3,3,3,TRUE,Fire,1,ENGINE,2,2,6,Tenderloin,"(37.782073066861, -122.412220736854)"
192531124-E03,192531124,77.70000001,9,36,31,E03 T03,19107861,Vehicle Fire,9/10/19,9/10/19,9/10/19 9:36,9/10/19 9:37,9/10/19 9:37,9/10/19 9:39,9/10/19 9:40,,,Fire,9/10/19 10:16,OLIVE ST/POLK ST,San Francisco,94109,B02,3,3115,3,3,3,TRUE,Fire,1,ENGINE,1,2,6,Tenderloin,"(37.78450084289248, -122.41945454498746)"
192821401-55,192821401,83.75,10,19,4,55 B02 E03,19121283,Industrial Accidents,10/9/19,10/9/19,10/9/19 10:19,10/9/19 10:20,10/9/19 10:24,10/9/19 10:25,10/9/19 10:27,10/9/19 10:46,10/9/19 10:52,Code 2 Transport,10/9/19 11:21,100 Block of WILLOW ST,San Francisco,94109,B02,3,3115,2,3,3,TRUE,Fire,1,MEDIC,1,2,6,Tenderloin,"(37.78352337938125, -122.42006354598408)"
190464115-79,190464115,87.51666668,23,11,47,79 B04 E41 EMS6 RC1 RS1 T05,19019809,Vehicle Fire,2/15/19,2/15/19,2/15/19 23:11,2/15/19 23:11,2/15/19 23:13,2/15/19 23:13,2/15/19 23:18,,,Patient Declined Transport,2/15/19 23:57,LARKIN ST/MYRTLE ST,San Francisco,94109,B04,3,1642,A,3,3,TRUE,Fire,1,MEDIC,3,4,6,Tenderloin,"(37.785641708864, -122.417996270411)"
191283706-94,191283706,95.4,19,33,46,94 B02 B04 D2 E03 E05 E36 RS1 T03 T05,19054501,Outside Fire,5/8/19,5/8/19,5/8/19 19:33,5/8/19 19:34,5/8/19 19:34,5/8/19 19:37,5/8/19 19:38,,,Fire,5/8/19 20:18,GOLDEN GATE AV/LARKIN ST,San Francisco,94102,B02,3,1644,3,3,3,TRUE,Fire,1,MEDIC,3,2,6,Tenderloin,"(37.78144749400219, -122.41714561341122)"
191831298-60,191831298,104.3,10,49,41,60 E03,19078145,Outside Fire,7/2/19,7/2/19,7/2/19 10:49,7/2/19 10:49,7/2/19 10:57,7/2/19 10:57,7/2/19 11:00,7/2/19 11:06,7/2/19 11:38,Code 2 Transport,7/2/19 12:19,600 Block of OFARRELL ST,San Francisco,94109,B04,3,1544,A,3,3,TRUE,Fire,1,MEDIC,2,4,6,Tenderloin,"(37.78546705050173, -122.41597762782685)"
191662653-93,191662653,137.1666667,17,21,46,93 B02 B03 D2 E01 E03 E36 KM11 RS1 T01 T02 T03 T08,19071113,Structure Fire,6/15/19,6/15/19,6/15/19 17:21,6/15/19 17:22,6/15/19 17:23,6/15/19 17:23,6/15/19 17:29,,,Fire,6/15/19 17:38,400 Block of TURK ST,San Francisco,94102,B02,3,1554,3,3,3,TRUE,Fire,1,MEDIC,8,2,6,Tenderloin,"(37.78244849821827, -122.41632744176792)"
191824195-63,191824195,161.9666666,22,22,42,63 B07 E16 E35 E51 FB3 KM07 RB1 T16,19078005,Other,7/1/19,7/1/19,7/1/19 22:22,7/1/19 22:25,7/1/19 22:25,7/1/19 22:25,,,,Fire,7/1/19 22:52,100 Block of GOLDEN GATE AVE,San Francisco,94102,B99,51,4616,3,3,3,TRUE,Fire,1,MEDIC,6,2,6,Tenderloin,"(37.78202243717766, -122.4130541482534)"
193102639-AM126,193102639,177.8333334,15,4,12,AM126 B01 QRV2,19134090,Industrial Accidents,11/6/19,11/6/19,11/6/19 15:04,11/6/19 15:07,11/6/19 15:08,11/6/19 15:09,11/6/19 15:37,11/6/19 15:37,11/6/19 15:57,Code 2 Transport,11/6/19 17:03,0 Block of POWELL ST,San Francisco,94102,B03,1,2209,3,3,3,FALSE,Fire,1,PRIVATE,3,3,3,Tenderloin,"(37.78508671524475, -122.40784389668741)"
191373181-56,191373181,309.35,18,26,35,56 59 B07 E14 E16 E34 E35 E51 FB3 RC2 RS1 RWC1 RWC2 SR34 T14 T16,19058273,Water Rescue,5/17/19,5/17/19,5/17/19 18:26,5/17/19 18:28,5/17/19 18:29,5/17/19 18:33,5/17/19 18:33,,,Fire,5/17/19 19:16,100 Block of GOLDEN GATE AVE,San Francisco,94102,B99,51,4616,3,3,3,TRUE,Fire,1,MEDIC,1,2,6,Tenderloin,"(37.78202243717766, -122.4130541482534)"
190464001-79,190464001,432.4333333,22,35,10,79 B02 B04 D2 E01 E02 E03 E38 E41 MA1 RC1 RC2 RS1 T03 T05,19019798,Structure Fire,2/15/19,2/15/19,2/15/19 22:35,2/15/19 22:35,2/15/19 22:36,2/15/19 22:36,2/15/19 22:46,,,Fire,2/15/19 23:38,700 Block of GEARY ST,San Francisco,94109,B04,3,1556,3,3,3,TRUE,Fire,1,MEDIC,9,4,6,Tenderloin,"(37.786360791464, -122.415616900247)"
192313900-54,192313900,608.6666667,19,55,54,54 B07 E16 E35 E51 FB3 RB1 RC2 RS1 RWC1 RWC2 T14 T16,19098430,Water Rescue,8/19/19,8/19/19,8/19/19 19:55,8/19/19 19:57,8/19/19 19:58,8/19/19 19:58,8/19/19 20:03,,,Fire,8/19/19 20:57,100 Block of GOLDEN GATE AVE,San Francisco,94102,B99,51,4616,3,3,3,TRUE,Fire,1,MEDIC,2,2,6,Tenderloin,"(37.78202243717766, -122.4130541482534)"
190610738-50,190610738,706.6833333,8,0,27,50 B01 B02 D2 E02 E03 E41 RS1 T02 T03,19025879,Structure Fire,3/2/19,3/2/19,3/2/19 8:00,3/2/19 8:02,3/2/19 8:02,3/2/19 8:02,3/2/19 8:07,,,Fire,3/2/19 10:01,800 Block of POST ST,San Francisco,94109,B04,3,1543,3,3,3,TRUE,Fire,1,MEDIC,4,4,6,Tenderloin,"(37.787295292859, -122.415806128745)"
190770326-84,190770326,737.7,4,16,42,84 AM124 B01 B02 B03 D2 E01 E02 E03 E36 RC1 RS1 T01 T03,19032793,Structure Fire,3/18/19,3/17/19,3/18/19 4:16,3/18/19 4:18,3/18/19 4:36,3/18/19 4:36,3/18/19 4:47,,,Fire,3/18/19 5:35,0 Block of MASON ST,San Francisco,94102,B03,1,1365,3,3,3,TRUE,Fire,1,MEDIC,8,3,6,Tenderloin,"(37.783789296929, -122.409266307301)"